30_001,30_002,30_003,30_004,30_005,30_006,30_007,30_008,30_009,30_010
1,,1,1,2,0,10102,10102,,
2,,2,14,0,0,21400,21400,,
3,,1,2,1,0,10201,10201,,
4,,1,2,2,0,10202,10202,,
5,,1,2,1,0,10201,10201,,
6,,2,13,0,0,21300,21300,,
7,,2,20,0,0,22000,22000,,
8,,2,20,0,0,22000,22000,,
9,,2,13,0,0,21300,21300,,
10,,2,13,0,0,21300,21300,,
11,,2,14,0,0,21400,21400,,
12,,2,20,0,0,22000,22000,,
13,,2,20,0,0,22000,22000,,
14,,2,13,0,0,21300,21300,,
15,,1,6,0,0,10600,10600,,
16,,1,2,1,0,10201,10201,,
17,,2,13,0,0,21300,21300,,
18,,2,14,0,0,21400,21400,,
19,,2,1,0,0,20100,20100,,
20,,2,19,0,0,21900,21900,,
21,,2,14,0,0,21400,21400,,
22,,1,6,0,0,10600,10600,,
23,,1,2,1,0,10201,10201,,
24,,1,4,0,0,10400,10400,,
25,,1,6,0,0,10600,10600,,
26,,1,4,0,0,10400,10400,,
27,,2,13,0,0,21300,21300,,
28,,2,16,0,0,21600,21600,,
29,,1,2,1,0,10201,10201,,
30,,1,2,1,0,10201,10201,,
31,,1,2,1,0,10201,10201,,
32,,2,14,0,0,21400,21400,,
33,,2,13,0,0,21300,21300,,
34,,2,13,0,0,21300,21300,,
35,,2,13,0,0,21300,21300,,
36,,1,2,1,0,10201,10201,,
37,,1,3,0,0,10300,10300,,
38,,2,20,0,0,22000,22000,,
39,,2,20,0,0,22000,22000,,
40,,1,4,0,0,10400,10400,,
41,,1,4,0,0,10400,10400,,
42,,2,20,0,0,22000,22000,,
43,,2,19,0,0,21900,21900,,
44,,2,13,0,0,21300,21300,,
45,,2,13,0,0,21300,21300,,
46,,2,20,0,0,22000,22000,,
47,,1,2,1,0,10201,10201,,
48,,2,13,0,0,21300,21300,,
49,,2,3,0,0,20300,20300,,
50,,1,6,0,0,10600,10600,,
51,,2,13,0,0,21300,21300,,
52,,2,13,0,0,21300,21300,,
53,,2,13,0,0,21300,21300,,
54,,2,13,0,0,21300,21300,,
55,,2,20,0,0,22000,22000,,
56,,2,13,0,0,21300,21300,,
57,,2,13,0,0,21300,21300,,
58,,2,20,0,0,22000,22000,,
59,,2,13,0,0,21300,21300,,
60,,2,13,0,0,21300,21300,,
61,,1,5,0,0,10500,10500,,
62,,2,13,0,0,21300,21300,,
63,,2,1,0,0,20100,20100,,
64,,2,20,0,0,22000,22000,,
65,,3,2,3,0,30203,30203,,
66,,1,5,0,0,10500,10500,,
67,,3,3,6,0,30306,30306,,
68,,3,3,8,0,30308,30308,,
69,,2,19,0,0,21900,21900,,
70,,1,6,0,0,10600,10600,,
71,,2,14,0,0,21400,21400,,
72,,1,7,1,0,10701,10701,,
73,,3,3,8,0,30308,30308,,
74,,3,2,4,0,30204,21400,,
75,,1,1,1,0,10101,10101,,
76,,1,6,0,0,10600,30308,,
77,,1,2,1,0,10201,10201,,
78,,1,6,0,0,10600,10600,,
79,,1,1,1,0,10101,10101,,
80,,1,5,0,0,10500,10500,,
81,,1,6,0,0,10600,10201,,
82,,1,6,0,0,10600,10600,,
83,,3,3,8,0,30308,30308,,
84,,1,6,0,0,10600,10600,,
85,,3,3,8,0,30308,30308,,
86,,1,6,0,0,10600,10600,,
87,,3,3,8,0,30308,30308,,
88,,1,7,2,0,10702,30205,,
89,,1,6,0,0,10600,10600,,
90,,1,1,1,0,10101,10101,,
91,,1,6,0,0,10600,30308,,
92,,2,7,0,0,20700,20700,,
93,,3,3,8,0,30308,30308,,
94,,1,1,2,0,10102,10102,,
95,,1,1,1,0,10101,10101,,
96,,1,1,1,0,10101,10101,,
97,,1,6,0,0,10600,10600,,
98,,3,2,4,0,30204,30205,,
99,,3,4,0,0,30400,30400,,
100,,2,14,0,0,21400,21400,,
101,,2,20,0,0,22000,22000,,
102,,3,3,7,0,30307,30307,,
103,,1,6,0,0,10600,30201,,
104,,1,5,0,0,10500,10500,,
105,,1,2,1,0,10201,10201,,
106,,1,6,0,0,10600,10300,,
107,,1,7,1,0,10701,10300,,
108,,1,6,0,0,10600,21400,,
109,,3,3,2,0,30302,30302,,
110,,1,1,2,0,10102,10102,,
111,,1,1,2,0,10102,10102,,
112,,1,1,2,0,10102,10102,,
113,,3,3,8,0,30308,30308,,
114,,2,16,0,0,21600,21600,,
115,,1,7,2,0,10702,10201,,
116,,1,2,2,0,10202,10202,,
117,,3,2,4,0,30204,30205,,
118,,1,6,0,0,10600,10201,,
119,,1,2,1,0,10201,30201,,
120,,1,7,2,0,10702,10202,,
121,,1,6,0,0,10600,10201,,
122,,2,14,0,0,21400,21400,,
123,,1,2,1,0,10201,10300,,
124,,3,2,4,0,30204,30205,,
125,,3,3,8,0,30308,30308,,
126,,2,1,0,0,20100,20100,,
127,,1,2,2,0,10202,10201,,
128,,1,1,2,0,10102,10102,,
129,,2,14,0,0,21400,21400,,
130,,2,14,0,0,21400,21400,,
131,,1,6,0,0,10600,10201,,
132,,1,6,0,0,10600,10202,,
133,,1,2,1,0,10201,10201,,
134,,3,2,1,0,30201,30205,,
135,,1,6,0,0,10600,10600,,
136,,2,1,0,0,20100,20100,,
137,,3,3,7,0,30307,30307,,
138,,1,6,0,0,10600,10201,,
139,,1,7,1,0,10701,10600,,
140,,3,3,2,0,30302,30302,,
141,,2,1,0,0,20100,20100,,
142,,2,2,0,0,20200,20200,,
143,,1,1,2,0,10102,10102,,
144,,1,7,2,0,10702,10202,,
145,,3,2,3,0,30203,30203,,
146,,1,1,2,0,10102,10102,,
147,,3,2,4,0,30204,30205,,
148,,2,1,0,0,20100,20100,,
149,,3,4,0,0,30400,30400,,
150,,1,2,2,0,10202,10202,,
151,,1,2,2,0,10202,10202,,
152,,3,2,4,0,30204,30205,,
153,,2,4,0,0,20400,20400,,
154,,1,6,0,0,10600,10600,,
155,,3,3,7,0,30307,30307,,
156,,3,3,7,0,30307,30307,,
157,,1,2,1,0,10201,30205,,
158,,1,1,2,0,10102,10102,,
159,,2,1,0,0,20100,20100,,
160,,1,2,2,0,10202,30205,,
161,,2,1,0,0,20100,20100,,
162,,3,3,7,0,30307,30307,,
163,,3,3,7,0,30307,30307,,
164,,3,2,4,0,30204,30205,,
165,,1,7,1,0,10701,10201,,
166,,1,5,0,0,10500,10600,,
167,,1,6,0,0,10600,10600,,
168,,3,3,7,0,30307,30307,,
169,,3,4,0,0,30400,30400,,
170,,1,2,1,0,10201,10201,,
171,,1,2,1,0,10201,30205,,
172,,3,2,1,0,30201,30205,,
173,,1,2,2,0,10202,10202,,
174,,3,3,8,0,30308,30308,,
175,,1,1,2,0,10102,10102,,
176,,1,5,0,0,10500,10500,,
177,,2,2,0,0,20200,20200,,
178,,1,2,1,0,10201,10201,,
179,,1,6,0,0,10600,10600,,
180,,2,14,0,0,21400,21400,,
181,,2,1,0,0,20100,20100,,
182,,1,2,1,0,10201,10201,,
183,,1,7,2,0,10702,10702,,
184,,2,20,0,0,22000,21300,,
185,,2,1,0,0,20100,20100,,
186,,1,5,0,0,10500,10500,,
187,,3,3,8,0,30308,30308,,
188,,2,13,0,0,21300,21300,,
189,,1,6,0,0,10600,10202,,
190,,1,6,0,0,10600,10600,,
191,,1,2,2,0,10202,10202,,
192,,1,6,0,0,10600,10600,,
193,,1,2,1,0,10201,10201,,
194,,3,3,8,0,30308,30308,,
195,,1,2,2,0,10202,10202,,
196,,1,6,0,0,10600,10600,,
197,,1,1,2,0,10102,10102,,
198,,1,6,0,0,10600,10600,,
199,,3,3,8,0,30308,30308,,
200,,1,7,2,0,10702,10702,,
201,,1,2,2,0,10202,10202,,
202,,2,20,0,0,22000,22000,,
203,,3,2,1,0,30201,30201,,
204,,2,1,0,0,20100,20100,,
205,,1,5,0,0,10500,10500,,
206,,2,1,0,0,20100,20100,,
207,,1,6,0,0,10600,10202,,
208,,1,2,2,0,10202,10202,,
209,,2,1,0,0,20100,20300,,
210,,3,3,7,0,30307,30307,,
211,,2,1,0,0,20100,20100,,
212,,1,2,2,0,10202,10300,,
213,,1,1,2,0,10102,10102,,
214,,3,2,1,0,30201,30201,,
215,,3,3,8,0,30308,30308,,
216,,2,1,0,0,20100,20100,,
217,,3,2,1,0,30201,30205,,
218,,2,2,0,0,20200,20200,,
219,,2,1,0,0,20100,20100,,
220,,3,2,3,0,30203,30203,,
221,,1,2,1,0,10201,10201,,
222,,3,2,1,0,30201,30201,,
223,,1,2,1,0,10201,10201,,
224,,2,14,0,0,21400,21400,,
225,,1,6,0,0,10600,10600,,
226,,1,2,2,0,10202,10202,,
227,,1,2,1,0,10201,10202,,
228,,3,3,8,0,30308,30308,,
229,,1,6,0,0,10600,10600,,
230,,2,13,0,0,21300,21300,,
231,,3,1,1,0,30101,30203,,
232,,3,2,4,0,30204,10202,,
233,,2,13,0,0,21300,21300,,
234,,1,2,1,0,10201,10201,,
235,,1,3,0,0,10300,10300,,
236,,2,1,0,0,20100,20100,,
237,,1,7,2,0,10702,10702,,
238,,1,2,2,0,10202,10202,,
239,,1,6,0,0,10600,10600,,
240,,1,2,2,0,10202,10202,,
241,,3,2,1,0,30201,30307,,
242,,1,1,2,0,10102,10102,,
243,,2,2,0,0,20200,20200,,
244,,1,2,2,0,10202,10202,,
245,,2,1,0,0,20100,20100,,
246,,1,6,0,0,10600,10600,,
247,,1,5,0,0,10500,10500,,
248,,3,3,8,0,30308,30308,,
249,,3,3,8,0,30308,30308,,
250,,2,16,0,0,21600,21600,,
251,,3,3,8,0,30308,30308,,
252,,1,6,0,0,10600,10600,,
253,,1,7,2,0,10702,10702,,
254,,1,2,2,0,10202,10202,,
255,,1,3,0,0,10300,10300,,
256,,1,1,2,0,10102,10102,,
257,,1,1,2,0,10102,10102,,
258,,3,4,0,0,30400,30400,,
259,,2,1,0,0,20100,20100,,
260,,3,3,7,0,30307,30307,,
261,,2,1,0,0,20100,20100,,
262,,1,7,1,0,10701,10701,,
263,,1,2,2,0,10202,10202,,
264,,2,13,0,0,21300,21300,,
265,,1,2,1,0,10201,10201,,
266,,1,6,0,0,10600,10600,,
267,,3,3,8,0,30308,30308,,
268,,1,2,1,0,10201,10201,,
269,,1,6,0,0,10600,10600,,
270,,1,2,2,0,10202,10202,,
271,,3,3,8,0,30308,30308,,
272,,2,1,0,0,20100,20100,,
273,,3,2,4,0,30204,30205,,
274,,1,1,2,0,10102,10102,,
275,,1,2,1,0,10201,10201,,
276,,1,3,0,0,10300,10300,,
277,,2,20,0,0,22000,22000,,
278,,3,2,4,0,30204,30205,,
279,,3,3,7,0,30307,30307,,
280,,3,3,8,0,30308,30308,,
281,,1,3,0,0,10300,10300,,
282,,1,2,1,0,10201,10201,,
283,,2,14,0,0,21400,21400,,
284,,1,6,0,0,10600,10600,,
285,,1,6,0,0,10600,10600,,
286,,1,1,2,0,10102,10102,,
287,,1,2,2,0,10202,10202,,
288,,3,2,1,0,30201,30307,,
289,,2,1,0,0,20100,20100,,
290,,2,7,0,0,20700,20700,,
291,,1,5,0,0,10500,10500,,
292,,2,2,0,0,20200,20200,,
293,,1,2,2,0,10202,10202,,
294,,2,1,0,0,20100,30307,,
295,,2,1,0,0,20100,20100,,
296,,2,1,0,0,20100,20100,,
297,,1,6,0,0,10600,20700,,
298,,2,1,0,0,20100,20100,,
299,,2,19,0,0,21900,21900,,
300,,2,20,0,0,22000,22000,,
301,,2,6,0,0,20600,20600,,
302,,1,6,0,0,10600,10600,,
303,,2,6,0,0,20600,30307,,
304,,2,16,0,0,21600,21600,,
305,,3,3,7,0,30307,30307,,
306,,2,1,0,0,20100,20100,,
307,,3,3,7,0,30307,30307,,
308,,2,1,0,0,20100,20100,,
309,,1,2,1,0,10201,10201,,
310,,3,3,6,0,30306,30306,,
311,,3,4,0,0,30400,30400,,
312,,1,2,1,0,10201,10201,,
313,,2,1,0,0,20100,20100,,
314,,2,20,0,0,22000,22000,,
315,,1,3,0,0,10300,10300,,
316,,3,3,8,0,30308,30308,,
317,,3,3,6,0,30306,30306,,
318,,2,13,0,0,21300,21300,,
319,,3,3,7,0,30307,30307,,
320,,1,4,0,0,10400,10400,,
321,,2,1,0,0,20100,20100,,
322,,3,3,7,0,30307,30307,,
323,,3,3,7,0,30307,30307,,
324,,3,3,7,0,30307,30307,,
325,,1,6,0,0,10600,10202,,
326,,3,2,4,0,30204,30205,,
327,,3,3,7,0,30307,30307,,
328,,1,2,1,0,10201,10201,,
329,,1,2,2,0,10202,10202,,
330,,3,3,8,0,30308,30308,,
331,,1,2,1,0,10201,10600,,
332,,1,4,0,0,10400,10400,,
333,,1,2,2,0,10202,10202,,
334,,2,20,0,0,22000,22000,,
335,,2,1,0,0,20100,20100,,
336,,3,2,4,0,30204,30202,,
337,,2,14,0,0,21400,21300,,
338,,3,3,7,0,30307,30307,,
339,,1,3,0,0,10300,10300,,
340,,3,3,8,0,30308,30308,,
341,,1,2,1,0,10201,10201,,
342,,1,1,2,0,10102,10102,,
343,,3,3,8,0,30308,30308,,
344,,2,1,0,0,20100,20100,,
345,,2,1,0,0,20100,20100,,
346,,1,2,2,0,10202,30205,,
347,,1,2,2,0,10202,10202,,
348,,3,3,2,0,30302,30302,,
349,,2,3,0,0,20300,20300,,
350,,2,14,0,0,21400,21400,,
351,,2,1,0,0,20100,20100,,
352,,1,2,1,0,10201,10201,,
353,,1,7,1,0,10701,10701,,
354,,2,1,0,0,20100,20100,,
355,,1,3,0,0,10300,10300,,
356,,1,2,1,0,10201,10201,,
357,,2,2,0,0,20200,20200,,
358,,2,2,0,0,20200,20200,,
359,,3,3,6,0,30306,30306,,
360,,2,13,0,0,21300,21300,,
361,,1,2,2,0,10202,10202,,
362,,3,2,1,0,30201,30205,,
363,,2,1,0,0,20100,20100,,
364,,1,6,0,0,10600,10600,,
365,,1,2,1,0,10201,10201,,
366,,3,3,10,0,30310,30310,,
367,,1,6,0,0,10600,10600,,
368,,1,5,0,0,10500,10500,,
369,,2,1,0,0,20100,20100,,
370,,2,14,0,0,21400,21400,,
371,,1,2,1,0,10201,10201,,
372,,2,1,0,0,20100,20100,,
373,,2,1,0,0,20100,20100,,
374,,1,4,0,0,10400,10400,,
375,,2,13,0,0,21300,21300,,
376,,1,6,0,0,10600,10600,,
377,,2,7,0,0,20700,20700,,
378,,1,5,0,0,10500,10500,,
379,,1,6,0,0,10600,10600,,
380,,1,6,0,0,10600,10600,,
381,,2,20,0,0,22000,22000,,
382,,1,2,1,0,10201,10201,,
383,,1,6,0,0,10600,10600,,
384,,1,2,1,0,10201,10201,,
385,,2,1,0,0,20100,20100,,
386,,3,3,7,0,30307,30307,,
387,,3,2,3,0,30203,20700,,
388,,1,2,1,0,10201,10201,,
389,,1,6,0,0,10600,10600,,
390,,3,3,7,0,30307,30307,,
391,,2,3,0,0,20300,20300,,
392,,1,2,2,0,10202,10202,,
393,,1,3,0,0,10300,10300,,
394,,1,3,0,0,10300,10300,,
395,,2,1,0,0,20100,20100,,
396,,2,1,0,0,20100,20100,,
397,,1,2,1,0,10201,10201,,
398,,1,6,0,0,10600,10600,,
399,,2,7,0,0,20700,20700,,
400,,2,1,0,0,20100,20100,,
401,,2,1,0,0,20100,20100,,
402,,1,6,0,0,10600,10600,,
403,,1,6,0,0,10600,10600,,
404,,3,3,8,0,30308,30308,,
405,,1,3,0,0,10300,10300,,
406,,1,2,2,0,10202,30308,,
407,,1,2,2,0,10202,10600,,
408,,3,2,3,0,30203,30203,,
409,,3,3,8,0,30308,30308,,
410,,3,3,7,0,30307,30307,,
411,,2,1,0,0,20100,20100,,
412,,2,1,0,0,20100,20100,,
413,,1,3,0,0,10300,10300,,
414,,2,20,0,0,22000,22000,,
415,,2,14,0,0,21400,21400,,
416,,2,1,0,0,20100,20700,,
417,,2,6,0,0,20600,20600,,
418,,1,3,0,0,10300,10300,,
419,,2,3,0,0,20300,20300,,
420,,3,4,0,0,30400,30400,,
421,,1,2,1,0,10201,10201,,
422,,1,6,0,0,10600,10600,,
423,,1,2,1,0,10201,10201,,
424,,2,1,0,0,20100,20100,,
425,,1,2,1,0,10201,10600,,
426,,2,1,0,0,20100,20100,,
427,,2,2,0,0,20200,20200,,
428,,3,3,8,0,30308,30308,,
429,,2,20,0,0,22000,22000,,
430,,2,7,0,0,20700,20700,,
431,,2,13,0,0,21300,21300,,
432,,1,2,2,0,10202,10202,,
433,,3,3,7,0,30307,30307,,
434,,2,1,0,0,20100,20300,,
435,,2,4,0,0,20400,20400,,
436,,1,2,1,0,10201,10201,,
437,,2,1,0,0,20100,20100,,
438,,2,1,0,0,20100,20100,,
439,,1,6,0,0,10600,10600,,
440,,3,3,8,0,30308,30308,,
441,,2,1,0,0,20100,20100,,
442,,2,19,0,0,21900,21900,,
443,,2,1,0,0,20100,20100,,
444,,2,20,0,0,22000,22000,,
445,,3,2,1,0,30201,10201,,
446,,2,1,0,0,20100,20100,,
447,,2,13,0,0,21300,21300,,
448,,3,3,6,0,30306,30306,,
449,,2,14,0,0,21400,30201,,
450,,1,2,2,0,10202,10202,,
451,,2,16,0,0,21600,21600,,
452,,1,1,2,0,10102,10102,,
453,,2,2,0,0,20200,20200,,
454,,3,3,8,0,30308,30308,,
455,,1,2,2,0,10202,10202,,
456,,2,13,0,0,21300,21300,,
457,,2,14,0,0,21400,21400,,
458,,3,3,2,0,30302,30302,,
459,,1,6,0,0,10600,10600,,
460,,1,3,0,0,10300,10300,,
461,,3,2,4,0,30204,10201,,
462,,1,1,2,0,10102,10102,,
463,,1,2,2,0,10202,10202,,
464,,1,6,0,0,10600,10600,,
465,,3,2,4,0,30204,10600,,
466,,1,1,2,0,10102,10102,,
467,,2,16,0,0,21600,21600,,
468,,2,1,0,0,20100,20100,,
469,,3,2,1,0,30201,30201,,
470,,2,13,0,0,21300,21300,,
471,,3,2,1,0,30201,30205,,
472,,1,3,0,0,10300,10300,,
473,,2,1,0,0,20100,20100,,
474,,1,2,1,0,10201,10201,,
475,,1,2,1,0,10201,10201,,
476,,3,3,7,0,30307,30307,,
477,,1,6,0,0,10600,20300,,
478,,3,3,8,0,30308,30308,,
479,,1,6,0,0,10600,10600,,
480,,2,1,0,0,20100,20100,,
481,,2,7,0,0,20700,20700,,
482,,1,2,2,0,10202,10202,,
483,,2,13,0,0,21300,21300,,
484,,2,6,0,0,20600,20600,,
485,,1,7,2,0,10702,30202,,
486,,1,2,2,0,10202,10202,,
487,,2,20,0,0,22000,22000,,
488,,3,3,8,0,30308,30308,,
489,,1,3,0,0,10300,10300,,
490,,1,2,1,0,10201,20700,,
491,,1,2,1,0,10201,10201,,
492,,3,3,8,0,30308,30308,,
493,,2,16,0,0,21600,21600,,
494,,2,7,0,0,20700,20700,,
495,,3,2,1,0,30201,30205,,
496,,3,2,3,0,30203,30203,,
497,,3,2,1,0,30201,30201,,
498,,2,6,0,0,20600,20600,,
499,,2,1,0,0,20100,20100,,
500,,2,14,0,0,21400,21400,,
501,,1,3,0,0,10300,10300,,
502,,2,1,0,0,20100,20100,,
503,,3,2,1,0,30201,30205,,
504,,3,2,4,0,30204,30205,,
505,,2,14,0,0,21400,21400,,
506,,2,1,0,0,20100,20100,,
507,,2,14,0,0,21400,21400,,
508,,2,2,0,0,20200,20200,,
509,,2,1,0,0,20100,20100,,
510,,3,3,7,0,30307,30307,,
511,,1,6,0,0,10600,10600,,
512,,1,2,1,0,10201,30313,,
513,,2,1,0,0,20100,20100,,
514,,2,14,0,0,21400,21400,,
515,,2,14,0,0,21400,21400,,
516,,1,2,1,0,10201,10201,,
517,,1,2,1,0,10201,10201,,
518,,3,3,8,0,30308,30308,,
519,,3,2,1,0,30201,30205,,
520,,1,2,1,0,10201,30205,,
521,,1,2,1,0,10201,10201,,
522,,2,5,0,0,20500,20500,,
523,,1,3,0,0,10300,10300,,
524,,1,4,0,0,10400,10400,,
525,,2,3,0,0,20300,20300,,
526,,2,11,0,0,21100,21100,,
527,,3,3,7,0,30307,30307,,
528,,2,1,0,0,20100,20100,,
529,,3,2,1,0,30201,10600,,
530,,3,2,4,0,30204,30205,,
531,,2,20,0,0,22000,22000,,
532,,3,3,8,0,30308,30308,,
533,,1,2,1,0,10201,10201,,
534,,3,3,7,0,30307,30307,,
535,,1,3,0,0,10300,10300,,
536,,2,1,0,0,20100,20100,,
537,,1,2,1,0,10201,10201,,
538,,2,20,0,0,22000,22000,,
539,,1,2,2,0,10202,10202,,
540,,1,3,0,0,10300,10300,,
541,,1,2,1,0,10201,10201,,
542,,2,1,0,0,20100,20100,,
543,,2,16,0,0,21600,21600,,
544,,2,1,0,0,20100,20100,,
545,,2,1,0,0,20100,20100,,
546,,2,20,0,0,22000,22000,,
547,,1,2,2,0,10202,10202,,
548,,2,3,0,0,20300,20300,,
549,,1,6,0,0,10600,10600,,
550,,3,3,8,0,30308,30308,,
551,,2,1,0,0,20100,20100,,
552,,3,3,8,0,30308,30308,,
553,,3,3,8,0,30308,30308,,
554,,1,2,2,0,10202,10202,,
555,,2,1,0,0,20100,20100,,
556,,2,6,0,0,20600,20600,,
557,,3,3,7,0,30307,30307,,
558,,1,2,1,0,10201,10201,,
559,,2,1,0,0,20100,20100,,
560,,1,5,0,0,10500,10500,,
561,,1,2,1,0,10201,30205,,
562,,3,3,7,0,30307,30307,,
563,,2,1,0,0,20100,20100,,
564,,3,2,4,0,30204,30205,,
565,,2,5,0,0,20500,20500,,
566,,2,20,0,0,22000,22000,,
567,,2,2,0,0,20200,20200,,
568,,2,1,0,0,20100,20100,,
569,,1,6,0,0,10600,10600,,
570,,3,2,1,0,30201,30203,,
571,,3,3,7,0,30307,30307,,
572,,3,3,7,0,30307,30307,,
573,,3,3,8,0,30308,30308,,
574,,1,2,2,0,10202,10202,,
575,,2,11,0,0,21100,21100,,
576,,2,16,0,0,21600,21600,,
577,,2,1,0,0,20100,20100,,
578,,2,20,0,0,22000,22000,,
579,,1,2,2,0,10202,10202,,
580,,2,1,0,0,20100,20100,,
581,,2,3,0,0,20300,20300,,
582,,2,13,0,0,21300,21300,,
583,,3,3,8,0,30308,30308,,
584,,1,2,1,0,10201,30205,,
585,,2,1,0,0,20100,20100,,
586,,2,1,0,0,20100,20100,,
587,,2,13,0,0,21300,21300,,
588,,2,20,0,0,22000,22000,,
589,,2,20,0,0,22000,22000,,
590,,3,3,8,0,30308,30308,,
591,,3,2,1,0,30201,30201,,
592,,3,2,3,0,30203,30203,,
593,,2,1,0,0,20100,20100,,
594,,2,20,0,0,22000,22000,,
595,,3,3,8,0,30308,30308,,
596,,2,1,0,0,20100,20100,,
597,,2,1,0,0,20100,20100,,
598,,2,1,0,0,20100,20100,,
599,,2,14,0,0,21400,21400,,
600,,1,3,0,0,10300,10300,,
601,,1,6,0,0,10600,10600,,
602,,1,1,1,0,10101,10101,,
603,,1,2,1,0,10201,10201,,
604,,3,3,7,0,30307,30307,,
605,,2,20,0,0,22000,22000,,
606,,3,3,6,0,30306,30306,,
607,,2,1,0,0,20100,30308,,
608,,2,20,0,0,22000,22000,,
609,,1,2,1,0,10201,10201,,
610,,1,6,0,0,10600,10600,,
611,,2,2,0,0,20200,20200,,
612,,2,13,0,0,21300,21300,,
613,,3,2,1,0,30201,30201,,
614,,3,3,8,0,30308,30308,,
615,,2,14,0,0,21400,21400,,
616,,2,1,0,0,20100,20100,,
617,,1,2,1,0,10201,10201,,
618,,3,3,6,0,30306,30306,,
619,,3,2,1,0,30201,30201,,
620,,2,20,0,0,22000,22000,,
621,,2,14,0,0,21400,21400,,
622,,2,1,0,0,20100,20100,,
623,,1,6,0,0,10600,10600,,
624,,2,13,0,0,21300,21300,,
625,,1,6,0,0,10600,20700,,
626,,1,6,0,0,10600,10600,,
627,,2,19,0,0,21900,21900,,
628,,2,1,0,0,20100,20100,,
629,,3,4,0,0,30400,30400,,
630,,1,2,1,0,10201,10201,,
631,,2,20,0,0,22000,22000,,
632,,2,5,0,0,20500,20500,,
633,,1,6,0,0,10600,10600,,
634,,3,3,8,0,30308,30308,,
635,,2,1,0,0,20100,20100,,
636,,2,3,0,0,20300,20300,,
637,,3,3,8,0,30308,30308,,
638,,2,3,0,0,20300,20300,,
639,,1,2,1,0,10201,10201,,
640,,3,3,7,0,30307,30307,,
641,,1,2,1,0,10201,10201,,
642,,2,1,0,0,20100,20100,,
643,,1,3,0,0,10300,30205,,
644,,1,2,1,0,10201,10201,,
645,,1,2,1,0,10201,30205,,
646,,2,14,0,0,21400,21400,,
647,,2,1,0,0,20100,20100,,
648,,2,1,0,0,20100,20100,,
649,,2,1,0,0,20100,20100,,
650,,1,2,1,0,10201,10201,,
651,,2,14,0,0,21400,21400,,
652,,2,1,0,0,20100,20100,,
653,,2,1,0,0,20100,20100,,
654,,3,3,7,0,30307,30307,,
655,,2,1,0,0,20100,20100,,
656,,1,7,2,0,10702,10702,,
657,,3,2,3,0,30203,30203,,
658,,2,1,0,0,20100,20100,,
659,,3,2,1,0,30201,20100,,
660,,2,11,0,0,21100,21100,,
661,,2,7,0,0,20700,20700,,
662,,3,3,7,0,30307,30307,,
663,,2,13,0,0,21300,21300,,
664,,3,3,9,0,30309,30309,,
665,,2,1,0,0,20100,20100,,
666,,1,3,0,0,10300,10300,,
667,,2,1,0,0,20100,20100,,
668,,2,14,0,0,21400,21400,,
669,,2,20,0,0,22000,22000,,
670,,2,1,0,0,20100,20100,,
671,,1,2,1,0,10201,10201,,
672,,2,5,0,0,20500,20500,,
673,,2,4,0,0,20400,20400,,
674,,1,2,1,0,10201,10201,,
675,,2,1,0,0,20100,20100,,
676,,2,3,0,0,20300,20300,,
677,,2,1,0,0,20100,20100,,
678,,1,1,1,0,10101,10101,,
679,,3,2,3,0,30203,30203,,
680,,3,3,8,0,30308,30308,,
681,,1,2,1,0,10201,10201,,
682,,3,3,7,0,30307,30307,,
683,,3,3,8,0,30308,30308,,
684,,3,2,1,0,30201,30205,,
685,,2,13,0,0,21300,21300,,
686,,2,1,0,0,20100,20100,,
687,,2,2,0,0,20200,20200,,
688,,3,3,8,0,30308,30308,,
689,,1,2,1,0,10201,10201,,
690,,1,2,1,0,10201,10600,,
691,,1,3,0,0,10300,10300,,
692,,2,1,0,0,20100,20100,,
693,,2,16,0,0,21600,21600,,
694,,1,3,0,0,10300,10300,,
695,,2,13,0,0,21300,21300,,
696,,2,1,0,0,20100,20100,,
697,,2,1,0,0,20100,20100,,
698,,3,3,8,0,30308,30307,,
699,,3,2,1,0,30201,30205,,
700,,2,3,0,0,20300,20300,,
701,,3,3,8,0,30308,30308,,
702,,2,1,0,0,20100,20100,,
703,,3,2,2,0,30202,30205,,
704,,3,2,1,0,30201,30205,,
705,,2,2,0,0,20200,20300,,
706,,2,1,0,0,20100,20100,,
707,,2,3,0,0,20300,21300,,
708,,3,3,8,0,30308,30308,,
709,,3,3,7,0,30307,30307,,
710,,2,20,0,0,22000,22000,,
711,,1,6,0,0,10600,10600,,
712,,1,2,1,0,10201,10201,,
713,,2,1,0,0,20100,20100,,
714,,1,3,0,0,10300,10300,,
715,,3,3,8,0,30308,30308,,
716,,1,2,1,0,10201,10201,,
717,,1,6,0,0,10600,10600,,
718,,2,13,0,0,21300,21300,,
719,,1,2,1,0,10201,10201,,
720,,1,6,0,0,10600,10600,,
721,,3,3,6,0,30306,30306,,
722,,2,1,0,0,20100,20100,,
723,,1,6,0,0,10600,30205,,
724,,2,7,0,0,20700,20700,,
725,,2,1,0,0,20100,20100,,
726,,3,3,8,0,30308,30308,,
727,,1,3,0,0,10300,10300,,
728,,2,3,0,0,20300,20300,,
729,,2,1,0,0,20100,20100,,
730,,2,14,0,0,21400,21400,,
731,,3,2,1,0,30201,30201,,
732,,2,14,0,0,21400,21400,,
733,,3,2,3,0,30203,30203,,
734,,1,2,1,0,10201,10201,,
735,,3,2,3,0,30203,30203,,
736,,3,2,4,0,30204,10600,,
737,,1,3,0,0,10300,10300,,
738,,1,6,0,0,10600,10600,,
739,,2,1,0,0,20100,20100,,
740,,2,11,0,0,21100,20400,,
741,,1,2,1,0,10201,10201,,
742,,3,3,8,0,30308,30308,,
743,,3,3,8,0,30308,30308,,
744,,1,2,1,0,10201,10201,,
745,,1,2,1,0,10201,10201,,
746,,2,13,0,0,21300,21300,,
747,,3,1,1,0,30101,30101,,
748,,2,1,0,0,20100,20100,,
749,,2,1,0,0,20100,20100,,
750,,2,7,0,0,20700,20700,,
751,,2,14,0,0,21400,21400,,
752,,2,16,0,0,21600,21600,,
753,,2,1,0,0,20100,20100,,
754,,2,13,0,0,21300,21300,,
755,,1,2,1,0,10201,10201,,
756,,3,3,8,0,30308,30308,,
757,,2,3,0,0,20300,20300,,
758,,2,13,0,0,21300,21300,,
759,,1,2,1,0,10201,10201,,
760,,1,2,1,0,10201,10201,,
761,,1,2,1,0,10201,10201,,
762,,3,2,4,0,30204,21400,,
763,,1,6,0,0,10600,10600,,
764,,1,6,0,0,10600,10600,,
765,,2,16,0,0,21600,21600,,
766,,2,13,0,0,21300,21300,,
767,,2,20,0,0,22000,22000,,
768,,1,2,1,0,10201,10300,,
769,,3,2,3,0,30203,30203,,
770,,3,3,8,0,30308,30308,,
771,,3,2,3,0,30203,30203,,
772,,1,2,1,0,10201,10201,,
773,,3,3,8,0,30308,30308,,
774,,2,1,0,0,20100,20100,,
775,,2,1,0,0,20100,20100,,
776,,1,6,0,0,10600,10600,,
777,,2,13,0,0,21300,21300,,
778,,1,2,1,0,10201,10201,,
779,,1,2,1,0,10201,10201,,
780,,2,1,0,0,20100,20100,,
781,,3,3,8,0,30308,30308,,
782,,2,16,0,0,21600,30201,,
783,,2,1,0,0,20100,20100,,
784,,3,3,8,0,30308,30308,,
785,,1,6,0,0,10600,10600,,
786,,1,2,1,0,10201,10201,,
787,,3,2,3,0,30203,30203,,
788,,2,1,0,0,20100,20100,,
789,,1,3,0,0,10300,10300,,
790,,1,3,0,0,10300,10300,,
791,,2,13,0,0,21300,21300,,
792,,3,2,1,0,30201,30201,,
793,,3,3,8,0,30308,30308,,
794,,1,2,1,0,10201,10201,,
795,,3,3,7,0,30307,30307,,
796,,2,1,0,0,20100,20100,,
797,,1,6,0,0,10600,10600,,
798,,2,7,0,0,20700,20700,,
799,,1,6,0,0,10600,10300,,
800,,2,20,0,0,22000,22000,,
801,,1,2,1,0,10201,10201,,
802,,1,3,0,0,10300,10300,,
803,,2,14,0,0,21400,21400,,
804,,2,3,0,0,20300,20300,,
805,,3,3,8,0,30308,30308,,
806,,1,2,1,0,10201,10201,,
807,,3,2,3,0,30203,30203,,
808,,2,14,0,0,21400,21400,,
809,,3,2,4,0,30204,21400,,
810,,2,2,0,0,20200,20200,,
811,,1,2,1,0,10201,10300,,
812,,2,20,0,0,22000,22000,,
813,,2,13,0,0,21300,21300,,
814,,2,1,0,0,20100,20100,,
815,,2,1,0,0,20100,20100,,
816,,3,3,8,0,30308,30308,,
817,,1,3,0,0,10300,10300,,
818,,1,5,0,0,10500,10500,,
819,,1,2,1,0,10201,10201,,
820,,3,3,6,0,30306,30306,,
821,,2,2,0,0,20200,20200,,
822,,1,2,1,0,10201,10201,,
823,,1,6,0,0,10600,10600,,
824,,3,3,8,0,30308,30308,,
825,,3,3,7,0,30307,30307,,
826,,2,14,0,0,21400,20700,,
827,,3,2,3,0,30203,30203,,
828,,1,2,1,0,10201,10201,,
829,,3,3,7,0,30307,30307,,
830,,1,6,0,0,10600,10600,,
831,,3,2,4,0,30204,30205,,
832,,2,1,0,0,20100,20100,,
833,,2,1,0,0,20100,20100,,
834,,2,1,0,0,20100,20100,,
835,,2,1,0,0,20100,20100,,
836,,2,13,0,0,21300,21300,,
837,,2,1,0,0,20100,20100,,
838,,3,3,7,0,30307,30307,,
839,,2,16,0,0,21600,21600,,
840,,2,14,0,0,21400,21400,,
841,,2,1,0,0,20100,20100,,
842,,1,6,0,0,10600,10600,,
843,,1,2,1,0,10201,10201,,
844,,1,2,1,0,10201,10201,,
845,,1,2,1,0,10201,30205,,
846,,2,1,0,0,20100,20100,,
847,,3,2,1,0,30201,30201,,
848,,2,1,0,0,20100,20100,,
849,,2,13,0,0,21300,21400,,
850,,1,6,0,0,10600,10600,,
851,,2,1,0,0,20100,20100,,
852,,1,2,1,0,10201,30203,,
853,,2,1,0,0,20100,20100,,
854,,1,2,1,0,10201,10201,,
855,,3,3,8,0,30308,30308,,
856,,3,3,8,0,30308,30308,,
857,,2,1,0,0,20100,20100,,
858,,2,13,0,0,21300,21300,,
859,,2,7,0,0,20700,20700,,
860,,2,20,0,0,22000,22000,,
861,,3,3,8,0,30308,30308,,
862,,2,1,0,0,20100,20100,,
863,,1,2,1,0,10201,10600,,
864,,2,8,0,0,20800,20800,,
865,,2,1,0,0,20100,20100,,
866,,1,3,0,0,10300,10300,,
867,,3,2,3,0,30203,30203,,
868,,1,2,1,0,10201,10201,,
869,,3,3,10,0,30310,30310,,
870,,2,20,0,0,22000,22000,,
871,,1,2,1,0,10201,10201,,
872,,1,6,0,0,10600,10600,,
873,,3,2,3,0,30203,30203,,
874,,3,2,3,0,30203,30203,,
875,,3,3,8,0,30308,30308,,
876,,1,2,1,0,10201,10201,,
877,,2,1,0,0,20100,20100,,
878,,2,7,0,0,20700,20700,,
879,,3,3,8,0,30308,30308,,
880,,2,1,0,0,20100,20100,,
881,,2,16,0,0,21600,21600,,
882,,3,3,7,0,30307,30307,,
883,,3,3,8,0,30308,30308,,
884,,2,14,0,0,21400,21400,,
885,,3,2,1,0,30201,30205,,
886,,1,3,0,0,10300,10300,,
887,,2,13,0,0,21300,21300,,
888,,3,3,8,0,30308,30308,,
889,,1,2,1,0,10201,10201,,
890,,3,3,6,0,30306,30306,,
891,,3,2,3,0,30203,30203,,
892,,2,16,0,0,21600,21600,,
893,,2,1,0,0,20100,20100,,
894,,1,4,0,0,10400,10400,,
895,,2,14,0,0,21400,21400,,
896,,2,1,0,0,20100,20100,,
897,,3,3,8,0,30308,30308,,
898,,1,3,0,0,10300,10300,,
899,,3,3,8,0,30308,30308,,
900,,1,6,0,0,10600,10600,,
901,,1,2,1,0,10201,10201,,
902,,1,6,0,0,10600,10600,,
903,,2,1,0,0,20100,20100,,
904,,2,1,0,0,20100,20100,,
905,,1,2,1,0,10201,10201,,
906,,2,16,0,0,21600,21600,,
907,,1,2,1,0,10201,10201,,
908,,1,3,0,0,10300,10300,,
909,,3,2,1,0,30201,30201,,
910,,2,1,0,0,20100,20100,,
911,,1,2,1,0,10201,10201,,
912,,2,16,0,0,21600,21600,,
913,,3,3,7,0,30307,30307,,
914,,2,13,0,0,21300,21300,,
915,,1,6,0,0,10600,10600,,
916,,2,1,0,0,20100,20100,,
917,,1,2,1,0,10201,10201,,
918,,2,1,0,0,20100,20100,,
919,,1,3,0,0,10300,10300,,
920,,2,2,0,0,20200,20200,,
921,,2,1,0,0,20100,20100,,
922,,2,1,0,0,20100,20100,,
923,,1,6,0,0,10600,10600,,
924,,1,3,0,0,10300,10300,,
925,,2,1,0,0,20100,20100,,
926,,1,2,1,0,10201,10201,,
927,,2,16,0,0,21600,21600,,
928,,1,2,1,0,10201,10201,,
929,,2,1,0,0,20100,20600,,
930,,1,6,0,0,10600,20600,,
931,,2,1,0,0,20100,20100,,
932,,1,6,0,0,10600,10600,,
933,,2,14,0,0,21400,21400,,
934,,3,3,7,0,30307,30307,,
935,,3,3,8,0,30308,30308,,
936,,2,1,0,0,20100,20100,,
937,,3,3,7,0,30307,30307,,
938,,2,16,0,0,21600,21600,,
939,,3,3,8,0,30308,30308,,
940,,1,6,0,0,10600,10600,,
941,,2,1,0,0,20100,20100,,
942,,3,3,8,0,30308,30308,,
943,,1,2,1,0,10201,10201,,
944,,2,2,0,0,20200,20200,,
945,,3,3,8,0,30308,30308,,
946,,1,2,1,0,10201,10201,,
947,,2,2,0,0,20200,20200,,
948,,2,1,0,0,20100,20100,,
949,,1,6,0,0,10600,10600,,
950,,1,3,0,0,10300,10300,,
951,,2,1,0,0,20100,20100,,
952,,1,2,1,0,10201,10201,,
953,,3,3,8,0,30308,30308,,
954,,2,14,0,0,21400,30205,,
955,,3,3,7,0,30307,30307,,
956,,1,2,1,0,10201,10201,,
957,,3,2,1,0,30201,30203,,
958,,3,2,4,0,30204,30205,,
959,,3,3,7,0,30307,30307,,
960,,1,3,0,0,10300,10300,,
961,,2,14,0,0,21400,21400,,
962,,1,3,0,0,10300,10300,,
963,,1,2,1,0,10201,10201,,
964,,3,3,8,0,30308,30308,,
965,,1,3,0,0,10300,10300,,
966,,1,2,1,0,10201,10201,,
967,,1,6,0,0,10600,10600,,
968,,3,3,7,0,30307,30307,,
969,,1,2,1,0,10201,10201,,
970,,1,2,1,0,10201,10201,,
971,,1,3,0,0,10300,10300,,
972,,2,20,0,0,22000,22000,,
973,,1,6,0,0,10600,10600,,
974,,2,20,0,0,22000,22000,,
975,,2,14,0,0,21400,21400,,
976,,1,2,1,0,10201,10201,,
977,,2,1,0,0,20100,20100,,
978,,1,2,1,0,10201,10201,,
979,,2,20,0,0,22000,22000,,
980,,1,6,0,0,10600,10600,,
981,,1,2,1,0,10201,10201,,
982,,2,1,0,0,20100,20100,,
983,,1,2,1,0,10201,10201,,
984,,1,3,0,0,10300,10300,,
985,,1,4,0,0,10400,10400,,
986,,2,13,0,0,21300,21300,,
987,,1,4,0,0,10400,10400,,
988,,3,3,7,0,30307,30307,,
989,,2,1,0,0,20100,20100,,
990,,1,4,0,0,10400,10400,,
991,,2,6,0,0,20600,20600,,
992,,2,2,0,0,20200,20200,,
993,,3,3,8,0,30308,30308,,
994,,1,6,0,0,10600,10600,,
995,,2,1,0,0,20100,20100,,
996,,3,2,4,0,30204,20700,,
997,,3,2,3,0,30203,30203,,
998,,2,2,0,0,20200,20200,,
999,,2,1,0,0,20100,20100,,
1000,,2,14,0,0,21400,21400,,
1001,,1,2,1,0,10201,10201,,
1002,,3,2,4,0,30204,30205,,
1003,,3,2,4,0,30204,30205,,
1004,,2,14,0,0,21400,21400,,
1005,,1,2,1,0,10201,10201,,
1006,,1,6,0,0,10600,10600,,
1007,,1,6,0,0,10600,10600,,
1008,,2,1,0,0,20100,20100,,
1009,,3,2,4,0,30204,30203,,
1010,,3,3,8,0,30308,30308,,
1011,,2,1,0,0,20100,20100,,
1012,,1,2,1,0,10201,10201,,
1013,,2,6,0,0,20600,20600,,
1014,,1,6,0,0,10600,10600,,
1015,,2,1,0,0,20100,20100,,
1016,,1,2,1,0,10201,10201,,
1017,,1,6,0,0,10600,10600,,
1018,,3,3,8,0,30308,30308,,
1019,,3,2,3,0,30203,30203,,
1020,,1,2,1,0,10201,10201,,
1021,,2,16,0,0,21600,21600,,
1022,,1,6,0,0,10600,10600,,
1023,,2,1,0,0,20100,20100,,
1024,,1,2,1,0,10201,10201,,
1025,,1,2,1,0,10201,10201,,
1026,,3,3,8,0,30308,30308,,
1027,,3,3,6,0,30306,30306,,
1028,,2,5,0,0,20500,30201,,
1029,,1,2,1,0,10201,10201,,
1030,,1,6,0,0,10600,10600,,
1031,,2,14,0,0,21400,21400,,
1032,,2,1,0,0,20100,20100,,
1033,,1,2,1,0,10201,10201,,
1034,,3,3,6,0,30306,30306,,
1035,,3,3,8,0,30308,30308,,
1036,,2,1,0,0,20100,20100,,
1037,,3,3,8,0,30308,30308,,
1038,,1,4,0,0,10400,10400,,
1039,,3,3,8,0,30308,30308,,
1040,,2,14,0,0,21400,30205,,
1041,,3,3,10,0,30310,30310,,
1042,,1,6,0,0,10600,30205,,
1043,,3,3,8,0,30308,30308,,
1044,,3,2,4,0,30204,30205,,
1045,,3,2,4,0,30204,30205,,
1046,,1,6,0,0,10600,10600,,
1047,,1,2,1,0,10201,10201,,
1048,,1,4,0,0,10400,10400,,
1049,,1,1,1,0,10101,10101,,
1050,,3,3,7,0,30307,30307,,
1051,,3,3,7,0,30307,30307,,
1052,,1,6,0,0,10600,10600,,
1053,,2,1,0,0,20100,20100,,
1054,,1,1,1,0,10101,10101,,
1055,,1,2,1,0,10201,10201,,
1056,,1,1,1,0,10101,10101,,
1057,,1,3,0,0,10300,10600,,
1058,,2,1,0,0,20100,20100,,
1059,,3,3,6,0,30306,30306,,
1060,,1,3,0,0,10300,10300,,
1061,,3,3,8,0,30308,30308,,
1062,,3,2,1,0,30201,21400,,
1063,,2,13,0,0,21300,21300,,
1064,,1,2,1,0,10201,10201,,
1065,,2,13,0,0,21300,21300,,
1066,,1,2,1,0,10201,10201,,
1067,,3,3,8,0,30308,30308,,
1068,,2,16,0,0,21600,21600,,
1069,,1,6,0,0,10600,10600,,
1070,,2,1,0,0,20100,20100,,
1071,,1,3,0,0,10300,10300,,
1072,,3,3,7,0,30307,30307,,
1073,,3,3,7,0,30307,30307,,
1074,,2,1,0,0,20100,20100,,
1075,,3,3,8,0,30308,30308,,
1076,,2,1,0,0,20100,20700,,
1077,,3,2,1,0,30201,30201,,
1078,,1,6,0,0,10600,10600,,
1079,,3,4,0,0,30400,30400,,
1080,,3,3,8,0,30308,30308,,
1081,,1,2,1,0,10201,10201,,
1082,,2,16,0,0,21600,21600,,
1083,,2,1,0,0,20100,20100,,
1084,,1,6,0,0,10600,10600,,
1085,,1,6,0,0,10600,10600,,
1086,,2,1,0,0,20100,20100,,
1087,,2,3,0,0,20300,20300,,
1088,,1,6,0,0,10600,10600,,
1089,,2,2,0,0,20200,20200,,
1090,,2,20,0,0,22000,22000,,
1091,,2,1,0,0,20100,20100,,
1092,,1,3,0,0,10300,10300,,
1093,,2,20,0,0,22000,22000,,
1094,,1,2,1,0,10201,10201,,
1095,,2,20,0,0,22000,22000,,
1096,,3,2,1,0,30201,30201,,
1097,,3,3,7,0,30307,30307,,
1098,,1,3,0,0,10300,10300,,
1099,,3,3,7,0,30307,30307,,
1100,,1,3,0,0,10300,10300,,
1101,,2,1,0,0,20100,20100,,
1102,,3,3,8,0,30308,30308,,
1103,,2,1,0,0,20100,20100,,
1104,,2,1,0,0,20100,20100,,
1105,,1,7,1,0,10701,10701,,
1106,,1,1,1,0,10101,10101,,
1107,,2,1,0,0,20100,20100,,
1108,,2,1,0,0,20100,20100,,
1109,,2,1,0,0,20100,30308,,
1110,,3,3,6,0,30306,30306,,
1111,,3,3,8,0,30308,30308,,
1112,,3,2,1,0,30201,30201,,
1113,,3,3,8,0,30308,30308,,
1114,,2,14,0,0,21400,21400,,
1115,,2,7,0,0,20700,20700,,
1116,,3,3,7,0,30307,30307,,
1117,,2,1,0,0,20100,20100,,
1118,,1,4,0,0,10400,10400,,
1119,,1,2,1,0,10201,10201,,
1120,,1,1,1,0,10101,10101,,
1121,,1,3,0,0,10300,10300,,
1122,,3,3,7,0,30307,30307,,
1123,,2,20,0,0,22000,22000,,
1124,,1,2,1,0,10201,10201,,
1125,,3,2,1,0,30201,30205,,
1126,,2,1,0,0,20100,20100,,
1127,,2,16,0,0,21600,30205,,
1128,,2,1,0,0,20100,20100,,
1129,,2,1,0,0,20100,20100,,
1130,,1,4,0,0,10400,10400,,
1131,,3,3,8,0,30308,30308,,
1132,,2,1,0,0,20100,20100,,
1133,,3,3,7,0,30307,30307,,
1134,,2,1,0,0,20100,20100,,
1135,,2,1,0,0,20100,20100,,
1136,,3,2,1,0,30201,30201,,
1137,,2,5,0,0,20500,20500,,
1138,,2,7,0,0,20700,20700,,
1139,,1,4,0,0,10400,10400,,
1140,,2,3,0,0,20300,20300,,
1141,,1,6,0,0,10600,10600,,
1142,,1,4,0,0,10400,10400,,
1143,,2,1,0,0,20100,20100,,
1144,,1,3,0,0,10300,10300,,
1145,,1,6,0,0,10600,10600,,
1146,,3,2,3,0,30203,30203,,
1147,,1,2,1,0,10201,30205,,
1148,,3,3,7,0,30307,30307,,
1149,,2,20,0,0,22000,22000,,
1150,,3,3,8,0,30308,30308,,
1151,,1,6,0,0,10600,10600,,
1152,,1,3,0,0,10300,10300,,
1153,,3,4,0,0,30400,30400,,
1154,,1,6,0,0,10600,10600,,
1155,,2,14,0,0,21400,21400,,
1156,,1,3,0,0,10300,10300,,
1157,,1,2,1,0,10201,10201,,
1158,,1,4,0,0,10400,10400,,
1159,,2,1,0,0,20100,20100,,
1160,,2,1,0,0,20100,20100,,
1161,,2,16,0,0,21600,21600,,
1162,,2,16,0,0,21600,21600,,
1163,,1,3,0,0,10300,10300,,
1164,,2,13,0,0,21300,21300,,
1165,,1,2,1,0,10201,10201,,
1166,,2,5,0,0,20500,20500,,
1167,,2,14,0,0,21400,21400,,
1168,,3,3,7,0,30307,30307,,
1169,,1,2,1,0,10201,10201,,
1170,,3,3,8,0,30308,30308,,
1171,,2,1,0,0,20100,20100,,
1172,,3,2,3,0,30203,30203,,
1173,,2,1,0,0,20100,20100,,
1174,,1,2,1,0,10201,10201,,
1175,,1,2,1,0,10201,10201,,
1176,,2,1,0,0,20100,20100,,
1177,,1,6,0,0,10600,10600,,
1178,,2,14,0,0,21400,21400,,
1179,,2,14,0,0,21400,21400,,
1180,,1,3,0,0,10300,10300,,
1181,,3,3,8,0,30308,30308,,
1182,,2,1,0,0,20100,20100,,
1183,,3,3,8,0,30308,30308,,
1184,,2,1,0,0,20100,20100,,
1185,,3,3,8,0,30308,30308,,
1186,,1,6,0,0,10600,10600,,
1187,,2,3,0,0,20300,20300,,
1188,,1,7,1,0,10701,10701,,
1189,,2,16,0,0,21600,21600,,
1190,,1,2,1,0,10201,10201,,
1191,,2,13,0,0,21300,21300,,
1192,,1,6,0,0,10600,10600,,
1193,,2,1,0,0,20100,20100,,
1194,,2,13,0,0,21300,21300,,
1195,,1,1,1,0,10101,10101,,
1196,,1,3,0,0,10300,10300,,
1197,,2,14,0,0,21400,21400,,
1198,,2,2,0,0,20200,20200,,
1199,,2,7,0,0,20700,20700,,
1200,,2,2,0,0,20200,20200,,
1201,,1,6,0,0,10600,10600,,
1202,,2,1,0,0,20100,20100,,
1203,,1,2,1,0,10201,10201,,
1204,,3,3,8,0,30308,30308,,
1205,,1,3,0,0,10300,30307,,
1206,,2,16,0,0,21600,21600,,
1207,,1,2,1,0,10201,10201,,
1208,,2,1,0,0,20100,20100,,
1209,,1,2,1,0,10201,10201,,
1210,,1,3,0,0,10300,10300,,
1211,,1,3,0,0,10300,10300,,
1212,,2,14,0,0,21400,21400,,
1213,,3,3,7,0,30307,30307,,
1214,,3,3,7,0,30307,30307,,
1215,,3,3,2,0,30302,30302,,
1216,,2,1,0,0,20100,20100,,
1217,,3,3,7,0,30307,30307,,
1218,,2,14,0,0,21400,21400,,
1219,,2,1,0,0,20100,20100,,
1220,,1,2,1,0,10201,10201,,
1221,,1,6,0,0,10600,10600,,
1222,,3,3,2,0,30302,30302,,
1223,,2,1,0,0,20100,20100,,
1224,,1,3,0,0,10300,10300,,
1225,,2,1,0,0,20100,20100,,
1226,,2,3,0,0,20300,20300,,
1227,,1,2,1,0,10201,10201,,
1228,,2,20,0,0,22000,22000,,
1229,,3,2,4,0,30204,30205,,
1230,,2,16,0,0,21600,21600,,
1231,,3,2,1,0,30201,30201,,
1232,,1,2,1,0,10201,10201,,
1233,,3,3,8,0,30308,30308,,
1234,,2,1,0,0,20100,20300,,
1235,,1,2,1,0,10201,10201,,
1236,,2,1,0,0,20100,20100,,
1237,,2,1,0,0,20100,20100,,
1238,,1,2,1,0,10201,10201,,
1239,,1,2,1,0,10201,10201,,
1240,,2,1,0,0,20100,20100,,
1241,,2,19,0,0,21900,21900,,
1242,,1,2,1,0,10201,10201,,
1243,,2,13,0,0,21300,21300,,
1244,,2,16,0,0,21600,21600,,
1245,,3,3,8,0,30308,30308,,
1246,,1,2,1,0,10201,10201,,
1247,,1,2,1,0,10201,10201,,
1248,,2,1,0,0,20100,20100,,
1249,,1,6,0,0,10600,10600,,
1250,,3,3,8,0,30308,30308,,
1251,,3,3,8,0,30308,30308,,
1252,,1,3,0,0,10300,10300,,
1253,,2,1,0,0,20100,20100,,
1254,,2,13,0,0,21300,21300,,
1255,,3,3,8,0,30308,30308,,
1256,,2,20,0,0,22000,22000,,
1257,,3,2,4,0,30204,30205,,
1258,,2,2,0,0,20200,20200,,
1259,,1,6,0,0,10600,10600,,
1260,,1,2,1,0,10201,10201,,
1261,,1,7,1,0,10701,10701,,
1262,,1,6,0,0,10600,10600,,
1263,,2,1,0,0,20100,20100,,
1264,,1,6,0,0,10600,10600,,
1265,,3,4,0,0,30400,30400,,
1266,,3,3,7,0,30307,30307,,
1267,,3,2,3,0,30203,30203,,
1268,,1,2,1,0,10201,22000,,
1269,,2,1,0,0,20100,20100,,
1270,,2,2,0,0,20200,20200,,
1271,,3,2,4,0,30204,30205,,
1272,,2,7,0,0,20700,20700,,
1273,,2,16,0,0,21600,21600,,
1274,,1,2,1,0,10201,10201,,
1275,,1,7,1,0,10701,10701,,
1276,,2,1,0,0,20100,20100,,
1277,,2,1,0,0,20100,20100,,
1278,,1,2,1,0,10201,10201,,
1279,,3,3,8,0,30308,30308,,
1280,,1,2,1,0,10201,10201,,
1281,,1,2,1,0,10201,10201,,
1282,,1,6,0,0,10600,10600,,
1283,,1,2,1,0,10201,10201,,
1284,,1,6,0,0,10600,10600,,
1285,,1,2,1,0,10201,10201,,
1286,,3,3,8,0,30308,30308,,
1287,,3,2,4,0,30204,30205,,
1288,,2,1,0,0,20100,20100,,
1289,,2,1,0,0,20100,20100,,
1290,,2,1,0,0,20100,20100,,
1291,,2,19,0,0,21900,21900,,
1292,,1,2,1,0,10201,10201,,
1293,,1,6,0,0,10600,10600,,
1294,,2,1,0,0,20100,20100,,
1295,,2,6,0,0,20600,20600,,
1296,,3,3,7,0,30307,30307,,
1297,,1,2,1,0,10201,10201,,
1298,,2,2,0,0,20200,20200,,
1299,,2,6,0,0,20600,20600,,
1300,,3,3,8,0,30308,30308,,
1301,,2,2,0,0,20200,20200,,
1302,,1,6,0,0,10600,10600,,
1303,,2,1,0,0,20100,20100,,
1304,,2,1,0,0,20100,20100,,
1305,,2,14,0,0,21400,30203,,
1306,,1,7,1,0,10701,10701,,
1307,,2,1,0,0,20100,20100,,
1308,,2,16,0,0,21600,21600,,
1309,,2,1,0,0,20100,20100,,
1310,,1,2,1,0,10201,10201,,
1311,,1,2,1,0,10201,10201,,
1312,,1,3,0,0,10300,10600,,
1313,,1,2,1,0,10201,10201,,
1314,,1,3,0,0,10300,10300,,
1315,,3,3,7,0,30307,30307,,
1316,,2,20,0,0,22000,22000,,
1317,,2,1,0,0,20100,20100,,
1318,,2,7,0,0,20700,20700,,
1319,,3,2,3,0,30203,30203,,
1320,,2,1,0,0,20100,20100,,
1321,,1,2,1,0,10201,10201,,
1322,,2,6,0,0,20600,20600,,
1323,,2,1,0,0,20100,20100,,
1324,,1,3,0,0,10300,10300,,
1325,,2,2,0,0,20200,20200,,
1326,,3,3,7,0,30307,30307,,
1327,,2,16,0,0,21600,21600,,
1328,,2,12,0,0,21200,21200,,
1329,,3,2,1,0,30201,30201,,
1330,,3,3,8,0,30308,30308,,
1331,,2,6,0,0,20600,20600,,
1332,,3,2,4,0,30204,21400,,
1333,,2,13,0,0,21300,21300,,
1334,,2,1,0,0,20100,20100,,
1335,,1,7,1,0,10701,10701,,
1336,,3,3,8,0,30308,30308,,
1337,,1,2,1,0,10201,10201,,
1338,,2,1,0,0,20100,20100,,
1339,,1,3,0,0,10300,10300,,
1340,,2,19,0,0,21900,21900,,
1341,,1,4,0,0,10400,10400,,
1342,,1,3,0,0,10300,10300,,
1343,,2,5,0,0,20500,20500,,
1344,,1,3,0,0,10300,30205,,
1345,,1,2,1,0,10201,10201,,
1346,,2,1,0,0,20100,20100,,
1347,,3,2,3,0,30203,21400,,
1348,,2,16,0,0,21600,21600,,
1349,,1,3,0,0,10300,10300,,
1350,,1,6,0,0,10600,10600,,
1351,,1,4,0,0,10400,10400,,
1352,,2,7,0,0,20700,20700,,
1353,,2,14,0,0,21400,21400,,
1354,,2,7,0,0,20700,20700,,
1355,,2,3,0,0,20300,20300,,
1356,,1,2,1,0,10201,10201,,
1357,,2,7,0,0,20700,20700,,
1358,,3,2,4,0,30204,30205,,
1359,,1,6,0,0,10600,10600,,
1360,,1,2,1,0,10201,10201,,
1361,,2,1,0,0,20100,20100,,
1362,,1,6,0,0,10600,10600,,
1363,,1,2,1,0,10201,10201,,
1364,,2,2,0,0,20200,20200,,
1365,,2,5,0,0,20500,20500,,
1366,,2,16,0,0,21600,21600,,
1367,,3,3,8,0,30308,30308,,
1368,,2,5,0,0,20500,20500,,
1369,,1,2,1,0,10201,10201,,
1370,,3,3,7,0,30307,30307,,
1371,,2,1,0,0,20100,30308,,
1372,,2,14,0,0,21400,21400,,
1373,,1,3,0,0,10300,10300,,
1374,,1,2,1,0,10201,10201,,
1375,,1,4,0,0,10400,10400,,
1376,,2,1,0,0,20100,20100,,
1377,,2,14,0,0,21400,21400,,
1378,,2,19,0,0,21900,21900,,
1379,,1,6,0,0,10600,10600,,
1380,,2,3,0,0,20300,20300,,
1381,,3,2,3,0,30203,30203,,
1382,,2,14,0,0,21400,21400,,
1383,,1,3,0,0,10300,10300,,
1384,,1,6,0,0,10600,10600,,
1385,,2,3,0,0,20300,20300,,
1386,,2,6,0,0,20600,20600,,
1387,,1,2,1,0,10201,10201,,
1388,,1,3,0,0,10300,10300,,
1389,,1,2,1,0,10201,10201,,
1390,,2,2,0,0,20200,20200,,
1391,,2,2,0,0,20200,20200,,
1392,,3,2,1,0,30201,30205,,
1393,,2,7,0,0,20700,20700,,
1394,,2,19,0,0,21900,21900,,
1395,,1,6,0,0,10600,10600,,
1396,,3,3,8,0,30308,30308,,
1397,,1,3,0,0,10300,10300,,
1398,,3,3,8,0,30308,30308,,
1399,,3,3,6,0,30306,30306,,
1400,,2,16,0,0,21600,21600,,
1401,,3,3,7,0,30307,30307,,
1402,,3,2,4,0,30204,30205,,
1403,,1,2,1,0,10201,10201,,
1404,,2,1,0,0,20100,20100,,
1405,,3,2,4,0,30204,30205,,
1406,,3,2,4,0,30204,30205,,
1407,,2,14,0,0,21400,21400,,
1408,,3,2,3,0,30203,30203,,
1409,,3,3,8,0,30308,30308,,
1410,,2,16,0,0,21600,21600,,
1411,,1,2,1,0,10201,10201,,
1412,,1,2,1,0,10201,10201,,
1413,,2,7,0,0,20700,20700,,
1414,,1,2,1,0,10201,10201,,
1415,,1,6,0,0,10600,10600,,
1416,,3,2,3,0,30203,30203,,
1417,,2,14,0,0,21400,21400,,
1418,,2,1,0,0,20100,20100,,
1419,,2,1,0,0,20100,20100,,
1420,,2,13,0,0,21300,21300,,
1421,,2,13,0,0,21300,21300,,
1422,,3,3,8,0,30308,30308,,
1423,,2,2,0,0,20200,20300,,
1424,,1,2,1,0,10201,10201,,
1425,,1,6,0,0,10600,10600,,
1426,,2,19,0,0,21900,21900,,
1427,,2,20,0,0,22000,22000,,
1428,,3,1,1,0,30101,30101,,
1429,,1,4,0,0,10400,10400,,
1430,,2,13,0,0,21300,21300,,
1431,,1,2,1,0,10201,10201,,
1432,,3,3,7,0,30307,30307,,
1433,,1,6,0,0,10600,10600,,
1434,,3,2,3,0,30203,20100,,
1435,,3,3,8,0,30308,30308,,
1436,,1,2,1,0,10201,10201,,
1437,,3,3,8,0,30308,30308,,
1438,,1,2,1,0,10201,10201,,
1439,,3,3,7,0,30307,30307,,
1440,,3,2,3,0,30203,30307,,
1441,,1,6,0,0,10600,10600,,
1442,,2,16,0,0,21600,21600,,
1443,,1,6,0,0,10600,10600,,
1444,,3,2,3,0,30203,30203,,
1445,,1,2,1,0,10201,10201,,
1446,,1,6,0,0,10600,10600,,
1447,,1,6,0,0,10600,10600,,
1448,,2,14,0,0,21400,21400,,
1449,,3,3,8,0,30308,30308,,
1450,,2,15,0,0,21500,21500,,
1451,,2,1,0,0,20100,20100,,
1452,,1,2,1,0,10201,10201,,
1453,,2,7,0,0,20700,20700,,
1454,,3,3,7,0,30307,30307,,
1455,,1,2,2,0,10202,10202,,
1456,,1,6,0,0,10600,10600,,
1457,,2,1,0,0,20100,20100,,
1458,,1,2,2,0,10202,10202,,
1459,,1,6,0,0,10600,10600,,
1460,,2,13,0,0,21300,21300,,
1461,,1,2,1,0,10201,10201,,
1462,,1,2,1,0,10201,10201,,
1463,,3,3,8,0,30308,30308,,
1464,,1,2,1,0,10201,10201,,
1465,,3,3,7,0,30307,30307,,
1466,,3,2,4,0,30204,30205,,
1467,,3,2,3,0,30203,30203,,
1468,,2,14,0,0,21400,21400,,
1469,,1,3,0,0,10300,10300,,
1470,,2,1,0,0,20100,20100,,
1471,,2,1,0,0,20100,20100,,
1472,,2,2,0,0,20200,20200,,
1473,,1,2,1,0,10201,30308,,
1474,,2,1,0,0,20100,20100,,
1475,,1,3,0,0,10300,10300,,
1476,,1,6,0,0,10600,10600,,
1477,,1,4,0,0,10400,10400,,
1478,,1,6,0,0,10600,21300,,
1479,,3,2,4,0,30204,30205,,
1480,,3,2,3,0,30203,30203,,
1481,,3,3,8,0,30308,30308,,
1482,,2,20,0,0,22000,22000,,
1483,,1,2,1,0,10201,10201,,
1484,,2,13,0,0,21300,21300,,
1485,,1,6,0,0,10600,10600,,
1486,,3,3,8,0,30308,30308,,
1487,,1,2,1,0,10201,10201,,
1488,,1,6,0,0,10600,10600,,
1489,,1,6,0,0,10600,10600,,
1490,,1,4,0,0,10400,10400,,
1491,,1,3,0,0,10300,10300,,
1492,,2,1,0,0,20100,20100,,
1493,,2,16,0,0,21600,21600,,
1494,,3,3,8,0,30308,30308,,
1495,,2,14,0,0,21400,21400,,
1496,,3,2,4,0,30204,30205,,
1497,,1,2,1,0,10201,10201,,
1498,,1,2,1,0,10201,10201,,
1499,,1,3,0,0,10300,10300,,
1500,,2,3,0,0,20300,20300,,
1501,,3,3,7,0,30307,30307,,
1502,,1,3,0,0,10300,10300,,
1503,,1,2,1,0,10201,10201,,
1504,,1,7,1,0,10701,10701,,
1505,,1,2,1,0,10201,10201,,
1506,,1,6,0,0,10600,10600,,
1507,,1,3,0,0,10300,10300,,
1508,,2,14,0,0,21400,21400,,
1509,,3,2,1,0,30201,30205,,
1510,,2,1,0,0,20100,20100,,
1511,,2,7,0,0,20700,20700,,
1512,,3,3,7,0,30307,30307,,
1513,,1,6,0,0,10600,10600,,
1514,,1,2,2,0,10202,10202,,
1515,,3,2,4,0,30204,21400,,
1516,,3,3,8,0,30308,30308,,
1517,,1,2,2,0,10202,10202,,
1518,,3,3,8,0,30308,30308,,
1519,,1,2,1,0,10201,10201,,
1520,,2,1,0,0,20100,20300,,
1521,,2,20,0,0,22000,22000,,
1522,,1,2,1,0,10201,10201,,
1523,,1,6,0,0,10600,10600,,
1524,,3,3,8,0,30308,30308,,
1525,,1,3,0,0,10300,30202,,
1526,,3,3,7,0,30307,30307,,
1527,,3,3,8,0,30308,30308,,
1528,,1,7,1,0,10701,10701,,
1529,,3,3,7,0,30307,30307,,
1530,,1,3,0,0,10300,10300,,
1531,,1,6,0,0,10600,10600,,
1532,,2,6,0,0,20600,20600,,
1533,,1,6,0,0,10600,10600,,
1534,,1,3,0,0,10300,10300,,
1535,,1,2,1,0,10201,10201,,
1536,,2,1,0,0,20100,20100,,
1537,,1,2,1,0,10201,10201,,
1538,,2,1,0,0,20100,20100,,
1539,,1,2,2,0,10202,10202,,
1540,,2,1,0,0,20100,20100,,
1541,,2,1,0,0,20100,20100,,
1542,,2,14,0,0,21400,21400,,
1543,,1,6,0,0,10600,10600,,
1544,,2,14,0,0,21400,21400,,
1545,,1,6,0,0,10600,10600,,
1546,,1,6,0,0,10600,30203,,
1547,,2,1,0,0,20100,20100,,
1548,,2,13,0,0,21300,21300,,
1549,,2,14,0,0,21400,21400,,
1550,,1,2,1,0,10201,10201,,
1551,,3,2,1,0,30201,30201,,
1552,,3,3,8,0,30308,30308,,
1553,,1,6,0,0,10600,10600,,
1554,,1,3,0,0,10300,10300,,
1555,,2,16,0,0,21600,21600,,
1556,,1,2,1,0,10201,10201,,
1557,,2,16,0,0,21600,21600,,
1558,,2,13,0,0,21300,21300,,
1559,,2,14,0,0,21400,10201,,
1560,,1,2,1,0,10201,10201,,
1561,,3,3,8,0,30308,30308,,
1562,,2,1,0,0,20100,20100,,
1563,,1,2,1,0,10201,10201,,
1564,,1,2,1,0,10201,10201,,
1565,,3,3,8,0,30308,30308,,
1566,,1,2,1,0,10201,10201,,
1567,,1,2,1,0,10201,10201,,
1568,,1,3,0,0,10300,10300,,
1569,,1,3,0,0,10300,10300,,
1570,,3,3,8,0,30308,30308,,
1571,,2,1,0,0,20100,20100,,
1572,,3,1,1,0,30101,30101,,
1573,,1,3,0,0,10300,10300,,
1574,,3,3,8,0,30308,30308,,
1575,,3,3,7,0,30307,30307,,
1576,,1,2,1,0,10201,10201,,
1577,,3,3,8,0,30308,30308,,
1578,,3,2,1,0,30201,30201,,
1579,,2,1,0,0,20100,20100,,
1580,,2,1,0,0,20100,20100,,
1581,,2,16,0,0,21600,21600,,
1582,,2,20,0,0,22000,22000,,
1583,,2,14,0,0,21400,21400,,
1584,,2,1,0,0,20100,20100,,
1585,,2,14,0,0,21400,21400,,
1586,,1,2,1,0,10201,10201,,
1587,,1,2,1,0,10201,10201,,
1588,,2,13,0,0,21300,21300,,
1589,,3,3,8,0,30308,30308,,
1590,,3,3,7,0,30307,30307,,
1591,,1,7,1,0,10701,10201,,
1592,,3,3,7,0,30307,30307,,
1593,,2,13,0,0,21300,21300,,
1594,,3,3,8,0,30308,30308,,
1595,,1,2,1,0,10201,10201,,
1596,,1,2,1,0,10201,10201,,
1597,,1,6,0,0,10600,10600,,
1598,,2,20,0,0,22000,22000,,
1599,,1,2,1,0,10201,10201,,
1600,,3,2,4,0,30204,30205,,
1601,,2,16,0,0,21600,21600,,
1602,,1,2,1,0,10201,10201,,
1603,,1,2,2,0,10202,10202,,
1604,,2,1,0,0,20100,20100,,
1605,,3,2,3,0,30203,30203,,
1606,,1,3,0,0,10300,10300,,
1607,,2,20,0,0,22000,22000,,
1608,,2,19,0,0,21900,21900,,
1609,,1,2,1,0,10201,10201,,
1610,,2,20,0,0,22000,22000,,
1611,,2,1,0,0,20100,20100,,
1612,,2,5,0,0,20500,20500,,
1613,,1,6,0,0,10600,10600,,
1614,,2,1,0,0,20100,20100,,
1615,,2,14,0,0,21400,21400,,
1616,,2,13,0,0,21300,21300,,
1617,,1,2,1,0,10201,10201,,
1618,,2,20,0,0,22000,22000,,
1619,,3,3,8,0,30308,30308,,
1620,,2,20,0,0,22000,22000,,
1621,,2,1,0,0,20100,20100,,
1622,,2,16,0,0,21600,21600,,
1623,,2,14,0,0,21400,21400,,
1624,,1,2,2,0,10202,10202,,
1625,,3,3,7,0,30307,30307,,
1626,,1,2,1,0,10201,10201,,
1627,,1,2,1,0,10201,10201,,
1628,,1,2,1,0,10201,10201,,
1629,,1,7,1,0,10701,10701,,
1630,,3,3,8,0,30308,30308,,
1631,,1,6,0,0,10600,10600,,
1632,,1,2,2,0,10202,10202,,
1633,,2,6,0,0,20600,20600,,
1634,,1,2,2,0,10202,10202,,
1635,,2,13,0,0,21300,21300,,
1636,,1,2,2,0,10202,10202,,
1637,,1,2,1,0,10201,10201,,
1638,,1,2,2,0,10202,10202,,
1639,,2,13,0,0,21300,21300,,
1640,,3,3,8,0,30308,30308,,
1641,,2,13,0,0,21300,21300,,
1642,,2,15,0,0,21500,21500,,
1643,,1,2,1,0,10201,10201,,
1644,,2,1,0,0,20100,20100,,
1645,,2,16,0,0,21600,21600,,
1646,,1,6,0,0,10600,10600,,
1647,,3,3,8,0,30308,30308,,
1648,,1,6,0,0,10600,10600,,
1649,,1,2,2,0,10202,10202,,
1650,,1,3,0,0,10300,10300,,
1651,,2,1,0,0,20100,20100,,
1652,,3,2,4,0,30204,30205,,
1653,,2,3,0,0,20300,20300,,
1654,,2,1,0,0,20100,20100,,
1655,,1,2,1,0,10201,10201,,
1656,,1,2,1,0,10201,10201,,
1657,,2,5,0,0,20500,20500,,
1658,,1,6,0,0,10600,22000,,
1659,,3,3,8,0,30308,30308,,
1660,,1,2,1,0,10201,10201,,
1661,,1,2,1,0,10201,10201,,
1662,,3,4,0,0,30400,30400,,
1663,,3,3,8,0,30308,30308,,
1664,,1,2,1,0,10201,10201,,
1665,,1,2,1,0,10201,10201,,
1666,,1,2,1,0,10201,10201,,
1667,,3,3,8,0,30308,30308,,
1668,,3,3,8,0,30308,30308,,
1669,,1,2,1,0,10201,21400,,
1670,,1,6,0,0,10600,10600,,
1671,,1,2,1,0,10201,10201,,
1672,,2,14,0,0,21400,21400,,
1673,,1,7,1,0,10701,10701,,
1674,,2,1,0,0,20100,20100,,
1675,,1,2,2,0,10202,10202,,
1676,,1,2,2,0,10202,10202,,
1677,,1,6,0,0,10600,10600,,
1678,,1,3,0,0,10300,10300,,
1679,,1,2,2,0,10202,10202,,
1680,,2,16,0,0,21600,21600,,
1681,,3,2,4,0,30204,30205,,
1682,,1,3,0,0,10300,10300,,
1683,,3,3,8,0,30308,30308,,
1684,,2,14,0,0,21400,21400,,
1685,,2,13,0,0,21300,21300,,
1686,,1,2,1,0,10201,10201,,
1687,,2,20,0,0,22000,30205,,
1688,,1,2,1,0,10201,10201,,
1689,,3,2,3,0,30203,30203,,
1690,,1,3,0,0,10300,10300,,
1691,,2,20,0,0,22000,22000,,
1692,,1,2,1,0,10201,10201,,
1693,,1,2,1,0,10201,10201,,
1694,,1,3,0,0,10300,10300,,
1695,,1,3,0,0,10300,30202,,
1696,,2,1,0,0,20100,20100,,
1697,,1,7,2,0,10702,10702,,
1698,,3,1,1,0,30101,30101,,
1699,,3,3,8,0,30308,30308,,
1700,,2,1,0,0,20100,20100,,
1701,,1,2,1,0,10201,10201,,
1702,,2,1,0,0,20100,20100,,
1703,,2,1,0,0,20100,20100,,
1704,,2,1,0,0,20100,20100,,
1705,,3,3,8,0,30308,30308,,
1706,,3,2,3,0,30203,30203,,
1707,,1,3,0,0,10300,10300,,
1708,,2,20,0,0,22000,22000,,
1709,,1,2,2,0,10202,10202,,
1710,,1,3,0,0,10300,10300,,
1711,,2,1,0,0,20100,20100,,
1712,,2,14,0,0,21400,21400,,
1713,,2,20,0,0,22000,22000,,
1714,,3,3,8,0,30308,30308,,
1715,,2,1,0,0,20100,20100,,
1716,,2,16,0,0,21600,21600,,
1717,,1,2,1,0,10201,30205,,
1718,,2,14,0,0,21400,21400,,
1719,,2,14,0,0,21400,21400,,
1720,,3,2,3,0,30203,30203,,
1721,,1,2,2,0,10202,10202,,
1722,,1,3,0,0,10300,10300,,
1723,,3,2,4,0,30204,30205,,
1724,,3,3,7,0,30307,30307,,
1725,,3,3,7,0,30307,30307,,
1726,,2,20,0,0,22000,22000,,
1727,,2,1,0,0,20100,20100,,
1728,,2,13,0,0,21300,21300,,
1729,,2,6,0,0,20600,20600,,
1730,,3,3,6,0,30306,30306,,
1731,,1,2,2,0,10202,10202,,
1732,,2,1,0,0,20100,20100,,
1733,,2,16,0,0,21600,21600,,
1734,,3,3,7,0,30307,30307,,
1735,,2,16,0,0,21600,21600,,
1736,,1,2,1,0,10201,10201,,
1737,,1,2,1,0,10201,10201,,
1738,,2,1,0,0,20100,20100,,
1739,,2,1,0,0,20100,20300,,
1740,,3,4,0,0,30400,30400,,
1741,,3,3,8,0,30308,30308,,
1742,,3,3,8,0,30308,30308,,
1743,,2,3,0,0,20300,20300,,
1744,,1,2,1,0,10201,10201,,
1745,,2,20,0,0,22000,22000,,
1746,,1,3,0,0,10300,10300,,
1747,,1,2,1,0,10201,10201,,
1748,,1,2,1,0,10201,10201,,
1749,,1,3,0,0,10300,10300,,
1750,,2,1,0,0,20100,20100,,
1751,,2,1,0,0,20100,20100,,
1752,,1,2,1,0,10201,10201,,
1753,,3,3,8,0,30308,30308,,
1754,,2,20,0,0,22000,22000,,
1755,,2,1,0,0,20100,20100,,
1756,,3,3,8,0,30308,30308,,
1757,,2,1,0,0,20100,20100,,
1758,,2,16,0,0,21600,21600,,
1759,,1,6,0,0,10600,10600,,
1760,,1,3,0,0,10300,21400,,
1761,,2,5,0,0,20500,20500,,
1762,,1,2,2,0,10202,10202,,
1763,,1,2,1,0,10201,10201,,
1764,,2,13,0,0,21300,21300,,
1765,,1,2,1,0,10201,30205,,
1766,,2,16,0,0,21600,21600,,
1767,,2,6,0,0,20600,20600,,
1768,,2,13,0,0,21300,21300,,
1769,,2,6,0,0,20600,20600,,
1770,,3,3,8,0,30308,30308,,
1771,,1,6,0,0,10600,10600,,
1772,,2,15,0,0,21500,21500,,
1773,,1,3,0,0,10300,10300,,
1774,,3,2,4,0,30204,30205,,
1775,,3,2,4,0,30204,30205,,
1776,,3,2,4,0,30204,30205,,
1777,,1,2,1,0,10201,10201,,
1778,,3,2,1,0,30201,30205,,
1779,,2,19,0,0,21900,21900,,
1780,,2,1,0,0,20100,30307,,
1781,,2,1,0,0,20100,20600,,
1782,,2,1,0,0,20100,20100,,
1783,,3,3,7,0,30307,30307,,
1784,,1,6,0,0,10600,10600,,
1785,,1,2,1,0,10201,10201,,
1786,,1,2,2,0,10202,10202,,
1787,,2,1,0,0,20100,20100,,
1788,,1,2,2,0,10202,10202,,
1789,,3,2,4,0,30204,30205,,
1790,,2,16,0,0,21600,21600,,
1791,,1,6,0,0,10600,10600,,
1792,,1,2,2,0,10202,10202,,
1793,,1,6,0,0,10600,10600,,
1794,,1,2,1,0,10201,10201,,
1795,,1,3,0,0,10300,10300,,
1796,,1,6,0,0,10600,10600,,
1797,,2,1,0,0,20100,30307,,
1798,,1,3,0,0,10300,10300,,
1799,,3,2,4,0,30204,30205,,
1800,,2,1,0,0,20100,20100,,
1801,,1,3,0,0,10300,10300,,
1802,,2,1,0,0,20100,20100,,
1803,,1,6,0,0,10600,10600,,
1804,,2,20,0,0,22000,22000,,
1805,,1,2,1,0,10201,10201,,
1806,,3,3,7,0,30307,30307,,
1807,,2,13,0,0,21300,21300,,
1808,,1,2,2,0,10202,10202,,
1809,,3,2,1,0,30201,10600,,
1810,,2,1,0,0,20100,20100,,
1811,,2,16,0,0,21600,21600,,
1812,,3,3,8,0,30308,30308,,
1813,,1,3,0,0,10300,10300,,
1814,,2,1,0,0,20100,20100,,
1815,,1,2,1,0,10201,10201,,
1816,,2,19,0,0,21900,30103,,
1817,,2,7,0,0,20700,20700,,
1818,,1,3,0,0,10300,30307,,
1819,,3,3,8,0,30308,30308,,
1820,,2,20,0,0,22000,22000,,
1821,,2,6,0,0,20600,20600,,
1822,,2,20,0,0,22000,22000,,
1823,,2,20,0,0,22000,22000,,
1824,,3,3,7,0,30307,30307,,
1825,,1,3,0,0,10300,10300,,
1826,,3,3,8,0,30308,30308,,
1827,,1,2,2,0,10202,10202,,
1828,,2,14,0,0,21400,21400,,
1829,,2,16,0,0,21600,21600,,
1830,,3,3,7,0,30307,30307,,
1831,,3,3,8,0,30308,30308,,
1832,,3,2,1,0,30201,30201,,
1833,,2,16,0,0,21600,21600,,
1834,,1,3,0,0,10300,10300,,
1835,,1,2,1,0,10201,10201,,
1836,,2,15,0,0,21500,21500,,
1837,,3,2,4,0,30204,30205,,
1838,,1,6,0,0,10600,10600,,
1839,,3,3,8,0,30308,30308,,
1840,,1,2,1,0,10201,10201,,
1841,,2,16,0,0,21600,21600,,
1842,,2,1,0,0,20100,20100,,
1843,,2,13,0,0,21300,21300,,
1844,,1,3,0,0,10300,10300,,
1845,,3,2,3,0,30203,30203,,
1846,,3,2,4,0,30204,30205,,
1847,,1,6,0,0,10600,10600,,
1848,,2,20,0,0,22000,22000,,
1849,,3,3,8,0,30308,30308,,
1850,,2,16,0,0,21600,21600,,
1851,,2,14,0,0,21400,21400,,
1852,,1,2,1,0,10201,10201,,
1853,,3,2,3,0,30203,30203,,
1854,,1,2,2,0,10202,10202,,
1855,,2,16,0,0,21600,30308,,
1856,,1,6,0,0,10600,10600,,
1857,,2,14,0,0,21400,21400,,
1858,,3,4,0,0,30400,30400,,
1859,,1,2,1,0,10201,10201,,
1860,,2,16,0,0,21600,21600,,
1861,,2,1,0,0,20100,20300,,
1862,,1,6,0,0,10600,10600,,
1863,,2,14,0,0,21400,21400,,
1864,,2,14,0,0,21400,21400,,
1865,,1,2,1,0,10201,10201,,
1866,,2,16,0,0,21600,21600,,
1867,,2,20,0,0,22000,22000,,
1868,,1,3,0,0,10300,10300,,
1869,,2,1,0,0,20100,20100,,
1870,,2,1,0,0,20100,20100,,
1871,,3,3,8,0,30308,30308,,
1872,,2,13,0,0,21300,21300,,
1873,,1,3,0,0,10300,10300,,
1874,,1,2,1,0,10201,10201,,
1875,,2,5,0,0,20500,20500,,
1876,,1,2,1,0,10201,10201,,
1877,,2,1,0,0,20100,20100,,
1878,,2,6,0,0,20600,20600,,
1879,,1,2,1,0,10201,30205,,
1880,,2,1,0,0,20100,20100,,
1881,,3,2,3,0,30203,30203,,
1882,,1,2,1,0,10201,10201,,
1883,,1,2,1,0,10201,10201,,
1884,,2,1,0,0,20100,20100,,
1885,,2,14,0,0,21400,21400,,
1886,,3,3,7,0,30307,30307,,
1887,,2,1,0,0,20100,20100,,
1888,,1,6,0,0,10600,10600,,
1889,,3,3,8,0,30308,30308,,
1890,,3,3,8,0,30308,30308,,
1891,,1,6,0,0,10600,10600,,
1892,,2,1,0,0,20100,20100,,
1893,,2,1,0,0,20100,20100,,
1894,,3,2,3,0,30203,30203,,
1895,,2,20,0,0,22000,22000,,
1896,,2,6,0,0,20600,20600,,
1897,,1,3,0,0,10300,10300,,
1898,,1,3,0,0,10300,10300,,
1899,,2,14,0,0,21400,21400,,
1900,,2,1,0,0,20100,20100,,
1901,,2,1,0,0,20100,20100,,
1902,,2,1,0,0,20100,20100,,
1903,,3,2,3,0,30203,30203,,
1904,,1,3,0,0,10300,10300,,
1905,,3,3,8,0,30308,30308,,
1906,,1,2,1,0,10201,10201,,
1907,,2,19,0,0,21900,21900,,
1908,,2,16,0,0,21600,21600,,
1909,,2,16,0,0,21600,21600,,
1910,,3,3,8,0,30308,30308,,
1911,,2,16,0,0,21600,21600,,
1912,,3,3,8,0,30308,30308,,
1913,,3,2,4,0,30204,30205,,
1914,,1,3,0,0,10300,10300,,
1915,,1,6,0,0,10600,10600,,
1916,,2,1,0,0,20100,20100,,
1917,,3,3,7,0,30307,30307,,
1918,,3,1,1,0,30101,30101,,
1919,,1,2,1,0,10201,10201,,
1920,,1,2,1,0,10201,10201,,
1921,,1,2,1,0,10201,10201,,
1922,,2,1,0,0,20100,20100,,
1923,,1,6,0,0,10600,10600,,
1924,,1,2,1,0,10201,20600,,
1925,,3,3,8,0,30308,30308,,
1926,,1,2,1,0,10201,10201,,
1927,,1,3,0,0,10300,10300,,
1928,,3,2,3,0,30203,30203,,
1929,,1,2,1,0,10201,10201,,
1930,,2,1,0,0,20100,20100,,
1931,,2,14,0,0,21400,21400,,
1932,,3,2,4,0,30204,30205,,
1933,,1,2,1,0,10201,10201,,
1934,,2,1,0,0,20100,20100,,
1935,,2,1,0,0,20100,20100,,
1936,,1,2,1,0,10201,10201,,
1937,,2,16,0,0,21600,21600,,
1938,,3,3,8,0,30308,30308,,
1939,,2,14,0,0,21400,21400,,
1940,,2,1,0,0,20100,20100,,
1941,,1,2,1,0,10201,10201,,
1942,,1,6,0,0,10600,10600,,
1943,,1,2,1,0,10201,10201,,
1944,,2,1,0,0,20100,20100,,
1945,,3,3,8,0,30308,30308,,
1946,,2,1,0,0,20100,20100,,
1947,,1,6,0,0,10600,10600,,
1948,,1,2,1,0,10201,10201,,
1949,,1,6,0,0,10600,10600,,
1950,,3,2,4,0,30204,30205,,
1951,,2,1,0,0,20100,20100,,
1952,,2,1,0,0,20100,20100,,
1953,,2,14,0,0,21400,21400,,
1954,,3,2,3,0,30203,30203,,
1955,,2,2,0,0,20200,20200,,
1956,,3,3,7,0,30307,30307,,
1957,,2,1,0,0,20100,20100,,
1958,,1,3,0,0,10300,10300,,
1959,,1,2,1,0,10201,21400,,
1960,,2,1,0,0,20100,30307,,
1961,,2,1,0,0,20100,20100,,
1962,,2,3,0,0,20300,20300,,
1963,,3,3,6,0,30306,30306,,
1964,,3,3,8,0,30308,30308,,
1965,,3,2,4,0,30204,30205,,
1966,,3,3,8,0,30308,30308,,
1967,,2,1,0,0,20100,20100,,
1968,,3,3,8,0,30308,30308,,
1969,,3,3,8,0,30308,30308,,
1970,,2,7,0,0,20700,20700,,
1971,,1,2,1,0,10201,10201,,
1972,,3,4,0,0,30400,30400,,
1973,,2,8,0,0,20800,20800,,
1974,,1,3,0,0,10300,10300,,
1975,,3,3,8,0,30308,30308,,
1976,,1,6,0,0,10600,10600,,
1977,,2,7,0,0,20700,20700,,
1978,,2,16,0,0,21600,21600,,
1979,,1,2,1,0,10201,10201,,
1980,,1,2,2,0,10202,10202,,
1981,,1,6,0,0,10600,10600,,
1982,,3,3,8,0,30308,30308,,
1983,,1,2,1,0,10201,10201,,
1984,,2,14,0,0,21400,21400,,
1985,,1,2,2,0,10202,10202,,
1986,,3,2,3,0,30203,30205,,
1987,,1,3,0,0,10300,10300,,
1988,,2,20,0,0,22000,22000,,
1989,,1,5,0,0,10500,10500,,
1990,,3,3,8,0,30308,30308,,
1991,,2,16,0,0,21600,21600,,
1992,,1,6,0,0,10600,10600,,
1993,,3,3,7,0,30307,30307,,
1994,,3,3,8,0,30308,30308,,
1995,,1,2,1,0,10201,10201,,
1996,,1,2,2,0,10202,10202,,
1997,,2,1,0,0,20100,20100,,
1998,,2,1,0,0,20100,20300,,
1999,,1,2,2,0,10202,10202,,
2000,,3,2,3,0,30203,30203,,
2001,,3,2,3,0,30203,30203,,
2002,,1,3,0,0,10300,10300,,
2003,,3,3,7,0,30307,30307,,
2004,,1,2,1,0,10201,10201,,
2005,,3,2,4,0,30204,30205,,
2006,,1,2,1,0,10201,10201,,
2007,,2,16,0,0,21600,21600,,
2008,,2,1,0,0,20100,20100,,
2009,,3,3,8,0,30308,30308,,
2010,,2,3,0,0,20300,20300,,
2011,,3,3,8,0,30308,30308,,
2012,,2,1,0,0,20100,20100,,
2013,,1,3,0,0,10300,10300,,
2014,,1,2,2,0,10202,10202,,
2015,,1,2,1,0,10201,10201,,
2016,,1,2,1,0,10201,10201,,
2017,,1,2,1,0,10201,10201,,
2018,,2,20,0,0,22000,22000,,
2019,,1,3,0,0,10300,10300,,
2020,,3,3,7,0,30307,30307,,
2021,,3,2,3,0,30203,30203,,
2022,,2,2,0,0,20200,20200,,
2023,,3,3,7,0,30307,30307,,
2024,,3,2,4,0,30204,30205,,
2025,,2,2,0,0,20200,20200,,
2026,,2,1,0,0,20100,20100,,
2027,,2,5,0,0,20500,20500,,
2028,,2,3,0,0,20300,20300,,
2029,,2,1,0,0,20100,20100,,
2030,,3,3,8,0,30308,30308,,
2031,,1,1,1,0,10101,10101,,
2032,,3,3,8,0,30308,30308,,
2033,,1,2,1,0,10201,10201,,
2034,,2,1,0,0,20100,20100,,
2035,,1,2,1,0,10201,10201,,
2036,,1,6,0,0,10600,10600,,
2037,,1,3,0,0,10300,10300,,
2038,,1,3,0,0,10300,10300,,
2039,,2,1,0,0,20100,20100,,
2040,,1,2,1,0,10201,10201,,
2041,,3,3,8,0,30308,21600,,
2042,,2,16,0,0,21600,21600,,
2043,,2,1,0,0,20100,20100,,
2044,,1,2,1,0,10201,10201,,
2045,,1,2,1,0,10201,10201,,
2046,,3,2,4,0,30204,30205,,
2047,,1,2,1,0,10201,10201,,
2048,,3,3,7,0,30307,30307,,
2049,,1,3,0,0,10300,10300,,
2050,,2,1,0,0,20100,20100,,
2051,,3,2,4,0,30204,30205,,
2052,,3,3,8,0,30308,30308,,
2053,,2,1,0,0,20100,20100,,
2054,,3,3,7,0,30307,30307,,
2055,,2,3,0,0,20300,20300,,
2056,,1,2,1,0,10201,10201,,
2057,,1,2,1,0,10201,10201,,
2058,,2,2,0,0,20200,20200,,
2059,,2,1,0,0,20100,20100,,
2060,,1,6,0,0,10600,10600,,
2061,,3,3,7,0,30307,30307,,
2062,,3,2,4,0,30204,30205,,
2063,,2,1,0,0,20100,20100,,
2064,,1,2,2,0,10202,10202,,
2065,,3,3,7,0,30307,30307,,
2066,,1,2,1,0,10201,30205,,
2067,,3,3,7,0,30307,30307,,
2068,,1,2,1,0,10201,10201,,
2069,,1,3,0,0,10300,10300,,
2070,,1,2,1,0,10201,10201,,
2071,,3,3,8,0,30308,30308,,
2072,,2,16,0,0,21600,21600,,
2073,,3,4,0,0,30400,30400,,
2074,,2,2,0,0,20200,20200,,
2075,,2,1,0,0,20100,20100,,
2076,,3,1,3,0,30103,30103,,
2077,,1,3,0,0,10300,10300,,
2078,,1,3,0,0,10300,10300,,
2079,,2,20,0,0,22000,22000,,
2080,,3,3,7,0,30307,30307,,
2081,,3,2,3,0,30203,30203,,
2082,,1,2,1,0,10201,10201,,
2083,,2,1,0,0,20100,20100,,
2084,,3,3,7,0,30307,30307,,
2085,,3,2,4,0,30204,21400,,
2086,,3,2,3,0,30203,30203,,
2087,,2,13,0,0,21300,21300,,
2088,,3,3,7,0,30307,30307,,
2089,,3,3,7,0,30307,30307,,
2090,,1,3,0,0,10300,10300,,
2091,,3,2,1,0,30201,30205,,
2092,,2,1,0,0,20100,20100,,
2093,,3,2,3,0,30203,30203,,
2094,,1,2,1,0,10201,10201,,
2095,,1,2,1,0,10201,10201,,
2096,,3,3,8,0,30308,30308,,
2097,,2,1,0,0,20100,20100,,
2098,,3,1,1,0,30101,30101,,
2099,,1,2,1,0,10201,10201,,
2100,,1,2,1,0,10201,10201,,
2101,,3,3,6,0,30306,30306,,
2102,,3,3,7,0,30307,30307,,
2103,,1,6,0,0,10600,10600,,
2104,,1,3,0,0,10300,10300,,
2105,,3,3,8,0,30308,30308,,
2106,,2,13,0,0,21300,21300,,
2107,,1,3,0,0,10300,10300,,
2108,,2,3,0,0,20300,20300,,
2109,,2,1,0,0,20100,20100,,
2110,,2,13,0,0,21300,21300,,
2111,,2,3,0,0,20300,20300,,
2112,,2,20,0,0,22000,22000,,
2113,,1,6,0,0,10600,10600,,
2114,,2,19,0,0,21900,21900,,
2115,,3,3,8,0,30308,30308,,
2116,,2,1,0,0,20100,20100,,
2117,,2,6,0,0,20600,20600,,
2118,,2,1,0,0,20100,20100,,
2119,,3,3,7,0,30307,30307,,
2120,,2,13,0,0,21300,21300,,
2121,,2,1,0,0,20100,20100,,
2122,,3,3,8,0,30308,30308,,
2123,,1,2,1,0,10201,20700,,
2124,,1,2,2,0,10202,10202,,
2125,,2,1,0,0,20100,20100,,
2126,,1,3,0,0,10300,10300,,
2127,,1,2,2,0,10202,10202,,
2128,,3,2,4,0,30204,30205,,
2129,,2,14,0,0,21400,21400,,
2130,,2,1,0,0,20100,20100,,
2131,,2,1,0,0,20100,20100,,
2132,,3,2,1,0,30201,30201,,
2133,,3,3,7,0,30307,30307,,
2134,,1,2,2,0,10202,10202,,
2135,,2,14,0,0,21400,21400,,
2136,,1,2,2,0,10202,10300,,
2137,,1,6,0,0,10600,10600,,
2138,,1,2,2,0,10202,10202,,
2139,,3,3,8,0,30308,30308,,
2140,,1,3,0,0,10300,10300,,
2141,,1,2,2,0,10202,10202,,
2142,,1,7,2,0,10702,10702,,
2143,,1,6,0,0,10600,10600,,
2144,,2,1,0,0,20100,20100,,
2145,,1,2,2,0,10202,10202,,
2146,,1,2,1,0,10201,30201,,
2147,,1,6,0,0,10600,10600,,
2148,,2,12,0,0,21200,21200,,
2149,,1,3,0,0,10300,10300,,
2150,,1,5,0,0,10500,10500,,
2151,,1,2,1,0,10201,10201,,
2152,,3,3,7,0,30307,30307,,
2153,,2,14,0,0,21400,21400,,
2154,,2,1,0,0,20100,20100,,
2155,,2,1,0,0,20100,20100,,
2156,,2,1,0,0,20100,20100,,
2157,,2,1,0,0,20100,20100,,
2158,,3,2,4,0,30204,21400,,
2159,,2,3,0,0,20300,20300,,
2160,,3,3,8,0,30308,30308,,
2161,,1,3,0,0,10300,10300,,
2162,,3,3,8,0,30308,30308,,
2163,,2,1,0,0,20100,20100,,
2164,,2,16,0,0,21600,21600,,
2165,,1,2,2,0,10202,10202,,
2166,,2,8,0,0,20800,20800,,
2167,,3,1,1,0,30101,30103,,
2168,,1,7,2,0,10702,10702,,
2169,,1,6,0,0,10600,10600,,
2170,,2,1,0,0,20100,20100,,
2171,,1,2,1,0,10201,10201,,
2172,,3,4,0,0,30400,30400,,
2173,,1,2,1,0,10201,30201,,
2174,,1,2,2,0,10202,10202,,
2175,,2,1,0,0,20100,20100,,
2176,,3,3,8,0,30308,30308,,
2177,,1,3,0,0,10300,10300,,
2178,,1,2,2,0,10202,10202,,
2179,,1,2,1,0,10201,10201,,
2180,,1,2,2,0,10202,10202,,
2181,,1,2,1,0,10201,10201,,
2182,,2,20,0,0,22000,22000,,
2183,,2,13,0,0,21300,21300,,
2184,,3,3,7,0,30307,30307,,
2185,,2,3,0,0,20300,20300,,
2186,,1,1,2,0,10102,10102,,
2187,,1,2,1,0,10201,10201,,
2188,,1,2,2,0,10202,10202,,
2189,,1,2,2,0,10202,10202,,
2190,,2,3,0,0,20300,20300,,
2191,,3,3,7,0,30307,30307,,
2192,,1,2,2,0,10202,10202,,
2193,,1,2,2,0,10202,10202,,
2194,,3,3,8,0,30308,30308,,
2195,,1,2,2,0,10202,10202,,
2196,,2,1,0,0,20100,20100,,
2197,,1,6,0,0,10600,10600,,
2198,,2,2,0,0,20200,20200,,
2199,,2,13,0,0,21300,21300,,
2200,,2,3,0,0,20300,20300,,
2201,,3,3,8,0,30308,30308,,
2202,,2,2,0,0,20200,20200,,
2203,,2,1,0,0,20100,20100,,
2204,,3,3,8,0,30308,30308,,
2205,,3,3,8,0,30308,30308,,
2206,,1,2,1,0,10201,10201,,
2207,,2,2,0,0,20200,20100,,
2208,,2,16,0,0,21600,21600,,
2209,,1,2,2,0,10202,10202,,
2210,,3,2,1,0,30201,30201,,
2211,,2,1,0,0,20100,20100,,
2212,,3,3,8,0,30308,30308,,
2213,,1,2,1,0,10201,10201,,
2214,,3,3,8,0,30308,30308,,
2215,,1,2,1,0,10201,30205,,
2216,,1,2,2,0,10202,10202,,
2217,,3,2,4,0,30204,30205,,
2218,,3,3,6,0,30306,30306,,
2219,,1,2,2,0,10202,30308,,
2220,,2,1,0,0,20100,20100,,
2221,,1,3,0,0,10300,10300,,
2222,,2,1,0,0,20100,20100,,
2223,,1,6,0,0,10600,10600,,
2224,,3,4,0,0,30400,30400,,
2225,,2,13,0,0,21300,21300,,
2226,,3,3,8,0,30308,30308,,
2227,,1,2,2,0,10202,10202,,
2228,,2,1,0,0,20100,20100,,
2229,,2,3,0,0,20300,20300,,
2230,,2,16,0,0,21600,21600,,
2231,,1,3,0,0,10300,10300,,
2232,,2,1,0,0,20100,20100,,
2233,,3,2,3,0,30203,30203,,
2234,,2,20,0,0,22000,22000,,
2235,,1,2,2,0,10202,10202,,
2236,,1,2,1,0,10201,10201,,
2237,,1,2,1,0,10201,10201,,
2238,,3,2,3,0,30203,30203,,
2239,,2,1,0,0,20100,20100,,
2240,,2,1,0,0,20100,20100,,
2241,,2,14,0,0,21400,21400,,
2242,,1,2,2,0,10202,10202,,
2243,,3,3,8,0,30308,21400,,
2244,,2,4,0,0,20400,20400,,
2245,,3,3,8,0,30308,30308,,
2246,,2,1,0,0,20100,20100,,
2247,,3,2,3,0,30203,30203,,
2248,,1,2,2,0,10202,10202,,
2249,,2,3,0,0,20300,20300,,
2250,,1,2,1,0,10201,10201,,
2251,,2,1,0,0,20100,20100,,
2252,,2,16,0,0,21600,21600,,
2253,,2,2,0,0,20200,20200,,
2254,,1,2,2,0,10202,10202,,
2255,,2,13,0,0,21300,21300,,
2256,,1,2,1,0,10201,10201,,
2257,,3,3,8,0,30308,30308,,
2258,,2,1,0,0,20100,20100,,
2259,,3,3,8,0,30308,30308,,
2260,,3,3,8,0,30308,30308,,
2261,,3,3,8,0,30308,30308,,
2262,,1,2,2,0,10202,10202,,
2263,,3,3,8,0,30308,30308,,
2264,,1,2,1,0,10201,10201,,
2265,,2,2,0,0,20200,20200,,
2266,,3,3,7,0,30307,30307,,
2267,,1,5,0,0,10500,10500,,
2268,,1,2,2,0,10202,10202,,
2269,,2,13,0,0,21300,21300,,
2270,,1,2,2,0,10202,10202,,
2271,,1,6,0,0,10600,10600,,
2272,,1,6,0,0,10600,10600,,
2273,,1,2,1,0,10201,10201,,
2274,,1,2,2,0,10202,10202,,
2275,,1,6,0,0,10600,10600,,
2276,,1,2,2,0,10202,10202,,
2277,,1,2,1,0,10201,10201,,
2278,,3,3,7,0,30307,30307,,
2279,,1,2,1,0,10201,10201,,
2280,,2,1,0,0,20100,20100,,
2281,,1,2,1,0,10201,10201,,
2282,,1,5,0,0,10500,10500,,
2283,,1,2,1,0,10201,10201,,
2284,,3,3,7,0,30307,30307,,
2285,,3,3,8,0,30308,30308,,
2286,,1,2,1,0,10201,10201,,
2287,,3,2,1,0,30201,30205,,
2288,,2,1,0,0,20100,20100,,
2289,,3,3,7,0,30307,30307,,
2290,,2,2,0,0,20200,20200,,
2291,,1,2,2,0,10202,10202,,
2292,,3,3,8,0,30308,30308,,
2293,,2,1,0,0,20100,20100,,
2294,,2,1,0,0,20100,20100,,
2295,,1,6,0,0,10600,10600,,
2296,,3,3,7,0,30307,30307,,
2297,,1,3,0,0,10300,10300,,
2298,,3,2,1,0,30201,30201,,
2299,,2,7,0,0,20700,20700,,
2300,,1,2,2,0,10202,22000,,
2301,,1,3,0,0,10300,10300,,
2302,,1,6,0,0,10600,10600,,
2303,,2,1,0,0,20100,20100,,
2304,,2,20,0,0,22000,22000,,
2305,,2,13,0,0,21300,21300,,
2306,,1,6,0,0,10600,10600,,
2307,,1,2,2,0,10202,10202,,
2308,,1,2,2,0,10202,10202,,
2309,,2,20,0,0,22000,22000,,
2310,,1,2,1,0,10201,10201,,
2311,,1,1,2,0,10102,10102,,
2312,,2,20,0,0,22000,30205,,
2313,,3,3,8,0,30308,30308,,
2314,,2,7,0,0,20700,20700,,
2315,,1,2,2,0,10202,10202,,
2316,,1,6,0,0,10600,10600,,
2317,,1,6,0,0,10600,10600,,
2318,,2,14,0,0,21400,21400,,
2319,,1,6,0,0,10600,10600,,
2320,,1,2,1,0,10201,10201,,
2321,,1,5,0,0,10500,10500,,
2322,,1,2,2,0,10202,10202,,
2323,,1,3,0,0,10300,10300,,
2324,,1,6,0,0,10600,10600,,
2325,,2,16,0,0,21600,21600,,
2326,,2,1,0,0,20100,30307,,
2327,,1,5,0,0,10500,10500,,
2328,,1,2,1,0,10201,10201,,
2329,,1,6,0,0,10600,10600,,
2330,,1,2,2,0,10202,10202,,
2331,,2,13,0,0,21300,21300,,
2332,,2,3,0,0,20300,20300,,
2333,,2,1,0,0,20100,20100,,
2334,,2,1,0,0,20100,20100,,
2335,,2,13,0,0,21300,21300,,
2336,,2,14,0,0,21400,21400,,
2337,,2,13,0,0,21300,21300,,
2338,,1,6,0,0,10600,10600,,
2339,,2,13,0,0,21300,21300,,
2340,,3,3,8,0,30308,30308,,
2341,,2,7,0,0,20700,20700,,
2342,,1,2,2,0,10202,10202,,
2343,,2,1,0,0,20100,20100,,
2344,,2,13,0,0,21300,21300,,
2345,,2,1,0,0,20100,20100,,
2346,,1,2,2,0,10202,10202,,
2347,,2,2,0,0,20200,20200,,
2348,,1,2,2,0,10202,10202,,
2349,,3,3,8,0,30308,30308,,
2350,,2,14,0,0,21400,21400,,
2351,,2,1,0,0,20100,20100,,
2352,,1,2,2,0,10202,10202,,
2353,,1,2,2,0,10202,30205,,
2354,,2,13,0,0,21300,21300,,
2355,,3,3,7,0,30307,30307,,
2356,,1,6,0,0,10600,10600,,
2357,,2,1,0,0,20100,20100,,
2358,,1,6,0,0,10600,10600,,
2359,,3,3,8,0,30308,30308,,
2360,,1,3,0,0,10300,10300,,
2361,,1,2,2,0,10202,10202,,
2362,,2,20,0,0,22000,22000,,
2363,,1,3,0,0,10300,10300,,
2364,,1,2,2,0,10202,30308,,
2365,,1,2,2,0,10202,22000,,
2366,,3,3,7,0,30307,30307,,
2367,,2,1,0,0,20100,20100,,
2368,,2,13,0,0,21300,21300,,
2369,,1,6,0,0,10600,10600,,
2370,,1,2,2,0,10202,10202,,
2371,,2,1,0,0,20100,20100,,
2372,,2,1,0,0,20100,20600,,
2373,,2,14,0,0,21400,21400,,
2374,,1,2,2,0,10202,30308,,
2375,,1,6,0,0,10600,10600,,
2376,,1,2,1,0,10201,10201,,
2377,,1,3,0,0,10300,10300,,
2378,,2,1,0,0,20100,20100,,
2379,,3,3,8,0,30308,30308,,
2380,,1,2,2,0,10202,10202,,
2381,,1,2,1,0,10201,10201,,
2382,,2,14,0,0,21400,21400,,
2383,,2,20,0,0,22000,22000,,
2384,,2,13,0,0,21300,21300,,
2385,,3,3,8,0,30308,30308,,
2386,,2,13,0,0,21300,21300,,
2387,,1,2,1,0,10201,10201,,
2388,,2,16,0,0,21600,21600,,
2389,,1,2,1,0,10201,10201,,
2390,,2,19,0,0,21900,21900,,
2391,,2,19,0,0,21900,21900,,
2392,,2,20,0,0,22000,22000,,
2393,,2,20,0,0,22000,22000,,
2394,,1,2,1,0,10201,10201,,
2395,,2,20,0,0,22000,22000,,
2396,,1,3,0,0,10300,10300,,
2397,,2,13,0,0,21300,21300,,
2398,,1,1,2,0,10102,10102,,
2399,,2,1,0,0,20100,20100,,
2400,,1,2,1,0,10201,10201,,
2401,,2,1,0,0,20100,20100,,
2402,,2,1,0,0,20100,20300,,
2403,,3,3,8,0,30308,30308,,
2404,,1,7,2,0,10702,10702,,
2405,,1,7,1,0,10701,10701,,
2406,,2,1,0,0,20100,20100,,
2407,,3,3,8,0,30308,30308,,
2408,,1,6,0,0,10600,10600,,
2409,,3,3,8,0,30308,30308,,
2410,,2,1,0,0,20100,20100,,
2411,,1,2,2,0,10202,10202,,
2412,,1,2,1,0,10201,30205,,
2413,,2,14,0,0,21400,21400,,
2414,,1,7,2,0,10702,10702,,
2415,,1,2,1,0,10201,10201,,
2416,,2,1,0,0,20100,20100,,
2417,,1,2,2,0,10202,10202,,
2418,,1,2,2,0,10202,10202,,
2419,,1,3,0,0,10300,10300,,
2420,,1,6,0,0,10600,10600,,
2421,,3,2,3,0,30203,21400,,
2422,,1,2,2,0,10202,10202,,
2423,,2,14,0,0,21400,21400,,
2424,,1,2,1,0,10201,10201,,
2425,,1,2,2,0,10202,10202,,
2426,,1,6,0,0,10600,10600,,
2427,,2,1,0,0,20100,20100,,
2428,,2,14,0,0,21400,21400,,
2429,,1,5,0,0,10500,10500,,
2430,,2,1,0,0,20100,20100,,
2431,,1,3,0,0,10300,10300,,
2432,,3,3,8,0,30308,30308,,
2433,,3,2,4,0,30204,30205,,
2434,,1,6,0,0,10600,10600,,
2435,,1,6,0,0,10600,10600,,
2436,,2,14,0,0,21400,21400,,
2437,,1,6,0,0,10600,10600,,
2438,,2,3,0,0,20300,20300,,
2439,,3,3,6,0,30306,30306,,
2440,,2,16,0,0,21600,21600,,
2441,,1,6,0,0,10600,10600,,
2442,,1,2,1,0,10201,10201,,
2443,,1,6,0,0,10600,10600,,
2444,,2,1,0,0,20100,20100,,
2445,,2,1,0,0,20100,20100,,
2446,,1,2,1,0,10201,10201,,
2447,,2,1,0,0,20100,20100,,
2448,,2,12,0,0,21200,21200,,
2449,,1,3,0,0,10300,10300,,
2450,,1,2,1,0,10201,10201,,
2451,,1,6,0,0,10600,10600,,
2452,,1,3,0,0,10300,10300,,
2453,,1,5,0,0,10500,10500,,
2454,,2,1,0,0,20100,20100,,
2455,,1,3,0,0,10300,30201,,
2456,,1,7,2,0,10702,10202,,
2457,,1,2,1,0,10201,10201,,
2458,,2,1,0,0,20100,20100,,
2459,,2,7,0,0,20700,20700,,
2460,,1,2,2,0,10202,10202,,
2461,,2,1,0,0,20100,20100,,
2462,,3,3,8,0,30308,30308,,
2463,,1,7,1,0,10701,10701,,
2464,,2,13,0,0,21300,21300,,
2465,,1,2,2,0,10202,10202,,
2466,,2,1,0,0,20100,20100,,
2467,,2,20,0,0,22000,22000,,
2468,,1,2,2,0,10202,10202,,
2469,,3,3,8,0,30308,30308,,
2470,,2,16,0,0,21600,21600,,
2471,,3,2,4,0,30204,30205,,
2472,,3,2,4,0,30204,21400,,
2473,,2,20,0,0,22000,22000,,
2474,,1,2,2,0,10202,10202,,
2475,,2,13,0,0,21300,21300,,
2476,,3,2,4,0,30204,21400,,
2477,,3,3,8,0,30308,30308,,
2478,,2,1,0,0,20100,20300,,
2479,,1,2,1,0,10201,10201,,
2480,,3,3,8,0,30308,30308,,
2481,,1,2,1,0,10201,10201,,
2482,,1,2,1,0,10201,10201,,
2483,,2,13,0,0,21300,21300,,
2484,,1,2,2,0,10202,10202,,
2485,,1,3,0,0,10300,10300,,
2486,,1,2,1,0,10201,10201,,
2487,,1,2,2,0,10202,10202,,
2488,,2,13,0,0,21300,21300,,
2489,,2,20,0,0,22000,22000,,
2490,,2,14,0,0,21400,22000,,
2491,,1,2,2,0,10202,10202,,
2492,,1,2,2,0,10202,10202,,
2493,,2,7,0,0,20700,20700,,
2494,,1,2,2,0,10202,10202,,
2495,,3,3,7,0,30307,30307,,
2496,,1,2,1,0,10201,10201,,
2497,,2,1,0,0,20100,20100,,
2498,,1,2,2,0,10202,10202,,
2499,,1,3,0,0,10300,10300,,
2500,,1,5,0,0,10500,10500,,
2501,,3,3,8,0,30308,30308,,
2502,,1,3,0,0,10300,10600,,
2503,,3,3,8,0,30308,30308,,
2504,,1,6,0,0,10600,10600,,
2505,,3,3,8,0,30308,30308,,
2506,,1,2,1,0,10201,10201,,
2507,,2,16,0,0,21600,21600,,
2508,,2,20,0,0,22000,22000,,
2509,,3,2,3,0,30203,30203,,
2510,,1,5,0,0,10500,10500,,
2511,,1,2,2,0,10202,10202,,
2512,,1,2,1,0,10201,10201,,
2513,,3,3,8,0,30308,30308,,
2514,,2,13,0,0,21300,21300,,
2515,,3,2,2,0,30202,21400,,
2516,,2,1,0,0,20100,20100,,
2517,,3,2,3,0,30203,30203,,
2518,,3,2,4,0,30204,30307,,
2519,,1,2,1,0,10201,10201,,
2520,,1,2,2,0,10202,10202,,
2521,,1,3,0,0,10300,10300,,
2522,,1,2,2,0,10202,10202,,
2523,,2,1,0,0,20100,20100,,
2524,,1,2,1,0,10201,10201,,
2525,,3,3,8,0,30308,30308,,
2526,,1,1,2,0,10102,10102,,
2527,,2,16,0,0,21600,21600,,
2528,,3,3,8,0,30308,30308,,
2529,,1,2,1,0,10201,10201,,
2530,,2,1,0,0,20100,20100,,
2531,,2,1,0,0,20100,21400,,
2532,,2,1,0,0,20100,20100,,
2533,,3,3,8,0,30308,30308,,
2534,,1,2,1,0,10201,10201,,
2535,,1,2,1,0,10201,10201,,
2536,,2,1,0,0,20100,20100,,
2537,,2,1,0,0,20100,20100,,
2538,,2,1,0,0,20100,20100,,
2539,,2,20,0,0,22000,22000,,
2540,,1,3,0,0,10300,10300,,
2541,,3,3,8,0,30308,30308,,
2542,,1,6,0,0,10600,10600,,
2543,,1,2,2,0,10202,30308,,
2544,,1,2,2,0,10202,10202,,
2545,,1,6,0,0,10600,10600,,
2546,,2,20,0,0,22000,22000,,
2547,,2,16,0,0,21600,21600,,
2548,,1,2,1,0,10201,10201,,
2549,,3,2,3,0,30203,30205,,
2550,,3,3,8,0,30308,30308,,
2551,,2,16,0,0,21600,21600,,
2552,,1,2,2,0,10202,10202,,
2553,,1,2,2,0,10202,10202,,
2554,,1,2,2,0,10202,10202,,
2555,,3,2,1,0,30201,30201,,
2556,,2,1,0,0,20100,20100,,
2557,,2,1,0,0,20100,20100,,
2558,,3,3,6,0,30306,30306,,
2559,,2,16,0,0,21600,21600,,
2560,,3,3,8,0,30308,30308,,
2561,,2,1,0,0,20100,20100,,
2562,,1,2,2,0,10202,10202,,
2563,,2,20,0,0,22000,22000,,
2564,,3,3,7,0,30307,30307,,
2565,,1,2,2,0,10202,10202,,
2566,,1,6,0,0,10600,10600,,
2567,,1,2,2,0,10202,10202,,
2568,,3,2,4,0,30204,30205,,
2569,,2,20,0,0,22000,22000,,
2570,,1,2,1,0,10201,10201,,
2571,,1,3,0,0,10300,10300,,
2572,,3,3,10,0,30310,30310,,
2573,,2,20,0,0,22000,22000,,
2574,,1,3,0,0,10300,10300,,
2575,,1,2,2,0,10202,10202,,
2576,,3,3,8,0,30308,30308,,
2577,,1,3,0,0,10300,10300,,
2578,,1,6,0,0,10600,10600,,
2579,,1,3,0,0,10300,10300,,
2580,,1,5,0,0,10500,10500,,
2581,,3,2,4,0,30204,30205,,
2582,,1,7,2,0,10702,10702,,
2583,,3,3,6,0,30306,30306,,
2584,,1,2,2,0,10202,10202,,
2585,,3,2,4,0,30204,30205,,
2586,,2,13,0,0,21300,30201,,
2587,,3,3,2,0,30302,30302,,
2588,,3,3,2,0,30302,30302,,
2589,,1,2,2,0,10202,10202,,
2590,,1,7,2,0,10702,10702,,
2591,,2,20,0,0,22000,30205,,
2592,,3,3,8,0,30308,30308,,
2593,,2,1,0,0,20100,20100,,
2594,,3,3,7,0,30307,30307,,
2595,,2,1,0,0,20100,20100,,
2596,,3,3,8,0,30308,30308,,
2597,,3,3,8,0,30308,30308,,
2598,,1,3,0,0,10300,10300,,
2599,,3,3,8,0,30308,30308,,
2600,,3,2,2,0,30202,30205,,
2601,,1,2,1,0,10201,10201,,
2602,,3,3,7,0,30307,30307,,
2603,,2,14,0,0,21400,21400,,
2604,,3,2,1,0,30201,30201,,
2605,,1,6,0,0,10600,10600,,
2606,,3,3,8,0,30308,30308,,
2607,,2,2,0,0,20200,20200,,
2608,,2,1,0,0,20100,20100,,
2609,,1,2,2,0,10202,10202,,
2610,,2,20,0,0,22000,22000,,
2611,,2,14,0,0,21400,21400,,
2612,,1,2,2,0,10202,10202,,
2613,,1,2,2,0,10202,10202,,
2614,,2,1,0,0,20100,20100,,
2615,,1,2,1,0,10201,10201,,
2616,,2,20,0,0,22000,22000,,
2617,,1,3,0,0,10300,10300,,
2618,,1,7,1,0,10701,10701,,
2619,,2,13,0,0,21300,21300,,
2620,,1,2,2,0,10202,10202,,
2621,,2,13,0,0,21300,21300,,
2622,,3,2,4,0,30204,20600,,
2623,,3,2,4,0,30204,30309,,
2624,,2,20,0,0,22000,22000,,
2625,,2,20,0,0,22000,22000,,
2626,,2,13,0,0,21300,21300,,
2627,,1,3,0,0,10300,10300,,
2628,,2,6,0,0,20600,20600,,
2629,,2,1,0,0,20100,20100,,
2630,,1,7,1,0,10701,10701,,
2631,,1,1,2,0,10102,10102,,
2632,,2,13,0,0,21300,21300,,
2633,,2,1,0,0,20100,20100,,
2634,,1,3,0,0,10300,10300,,
2635,,3,3,8,0,30308,30308,,
2636,,1,2,1,0,10201,10201,,
2637,,1,2,2,0,10202,10202,,
2638,,2,3,0,0,20300,20300,,
2639,,1,2,2,0,10202,10202,,
2640,,2,1,0,0,20100,20100,,
2641,,2,16,0,0,21600,21600,,
2642,,1,6,0,0,10600,10600,,
2643,,3,2,4,0,30204,30205,,
2644,,1,3,0,0,10300,10300,,
2645,,1,2,2,0,10202,10202,,
2646,,3,2,4,0,30204,21400,,
2647,,2,20,0,0,22000,22000,,
2648,,1,2,2,0,10202,10202,,
2649,,2,1,0,0,20100,20100,,
2650,,1,2,1,0,10201,10201,,
2651,,2,1,0,0,20100,20100,,
2652,,1,2,2,0,10202,10202,,
2653,,3,2,3,0,30203,30203,,
2654,,1,5,0,0,10500,10500,,
2655,,2,1,0,0,20100,20100,,
2656,,3,3,8,0,30308,30308,,
2657,,2,7,0,0,20700,20700,,
2658,,1,5,0,0,10500,10500,,
2659,,1,2,2,0,10202,10202,,
2660,,1,2,2,0,10202,10202,,
2661,,1,6,0,0,10600,10600,,
2662,,1,6,0,0,10600,10600,,
2663,,3,3,7,0,30307,30307,,
2664,,1,2,1,0,10201,10201,,
2665,,1,2,1,0,10201,21400,,
2666,,3,2,3,0,30203,30203,,
2667,,2,1,0,0,20100,30308,,
2668,,2,13,0,0,21300,21300,,
2669,,3,2,3,0,30203,30203,,
2670,,1,2,1,0,10201,10201,,
2671,,2,1,0,0,20100,20100,,
2672,,1,2,1,0,10201,10201,,
2673,,2,1,0,0,20100,20100,,
2674,,1,6,0,0,10600,10600,,
2675,,3,2,3,0,30203,30203,,
2676,,2,14,0,0,21400,21400,,
2677,,1,2,1,0,10201,10201,,
2678,,1,3,0,0,10300,10300,,
2679,,3,3,8,0,30308,30308,,
2680,,1,2,1,0,10201,10201,,
2681,,2,1,0,0,20100,20100,,
2682,,2,1,0,0,20100,20100,,
2683,,1,6,0,0,10600,10600,,
2684,,2,13,0,0,21300,21300,,
2685,,2,1,0,0,20100,20100,,
2686,,3,2,3,0,30203,30203,,
2687,,3,3,8,0,30308,30308,,
2688,,2,20,0,0,22000,22000,,
2689,,2,1,0,0,20100,20100,,
2690,,2,20,0,0,22000,22000,,
2691,,3,2,1,0,30201,30203,,
2692,,1,2,2,0,10202,10202,,
2693,,2,1,0,0,20100,20100,,
2694,,1,7,1,0,10701,10701,,
2695,,1,6,0,0,10600,20700,,
2696,,3,3,8,0,30308,30308,,
2697,,2,1,0,0,20100,20100,,
2698,,3,3,7,0,30307,30307,,
2699,,2,1,0,0,20100,20300,,
2700,,1,6,0,0,10600,10600,,
2701,,2,1,0,0,20100,20100,,
2702,,2,20,0,0,22000,22000,,
2703,,1,2,1,0,10201,10201,,
2704,,1,6,0,0,10600,30204,,
2705,,3,3,8,0,30308,30308,,
2706,,1,6,0,0,10600,10600,,
2707,,3,2,1,0,30201,30201,,
2708,,1,2,2,0,10202,10202,,
2709,,2,1,0,0,20100,20100,,
2710,,2,1,0,0,20100,20100,,
2711,,2,1,0,0,20100,20100,,
2712,,2,19,0,0,21900,21900,,
2713,,2,1,0,0,20100,20100,,
2714,,1,2,1,0,10201,10201,,
2715,,1,6,0,0,10600,10600,,
2716,,3,2,1,0,30201,30201,,
2717,,1,2,2,0,10202,10202,,
2718,,2,20,0,0,22000,22000,,
2719,,1,7,2,0,10702,10702,,
2720,,3,3,7,0,30307,30307,,
2721,,2,1,0,0,20100,20100,,
2722,,1,5,0,0,10500,10500,,
2723,,2,6,0,0,20600,20600,,
2724,,2,1,0,0,20100,20100,,
2725,,2,14,0,0,21400,21400,,
2726,,1,2,1,0,10201,10201,,
2727,,2,1,0,0,20100,20100,,
2728,,2,20,0,0,22000,22000,,
2729,,1,2,2,0,10202,10202,,
2730,,2,13,0,0,21300,21300,,
2731,,3,3,8,0,30308,30308,,
2732,,1,7,2,0,10702,10702,,
2733,,1,2,2,0,10202,10202,,
2734,,1,3,0,0,10300,10300,,
2735,,1,2,1,0,10201,10201,,
2736,,1,3,0,0,10300,10300,,
2737,,3,3,8,0,30308,30308,,
2738,,3,3,8,0,30308,30308,,
2739,,2,13,0,0,21300,20700,,
2740,,1,3,0,0,10300,10300,,
2741,,1,5,0,0,10500,10500,,
2742,,2,13,0,0,21300,21300,,
2743,,1,2,2,0,10202,10202,,
2744,,1,2,2,0,10202,10202,,
2745,,1,3,0,0,10300,10300,,
2746,,1,3,0,0,10300,10300,,
2747,,3,3,8,0,30308,30308,,
2748,,3,2,4,0,30204,30205,,
2749,,2,20,0,0,22000,22000,,
2750,,2,20,0,0,22000,22000,,
2751,,1,2,1,0,10201,10201,,
2752,,1,2,2,0,10202,10202,,
2753,,3,2,4,0,30204,30312,,
2754,,2,20,0,0,22000,22000,,
2755,,2,1,0,0,20100,20100,,
2756,,1,2,2,0,10202,10202,,
2757,,2,20,0,0,22000,22000,,
2758,,1,2,1,0,10201,10201,,
2759,,3,2,4,0,30204,30202,,
2760,,1,2,1,0,10201,30202,,
2761,,1,2,2,0,10202,10202,,
2762,,3,3,6,0,30306,30306,,
2763,,1,2,2,0,10202,10202,,
2764,,2,1,0,0,20100,20100,,
2765,,1,2,1,0,10201,10201,,
2766,,3,3,8,0,30308,30308,,
2767,,1,2,2,0,10202,10202,,
2768,,1,2,1,0,10201,10201,,
2769,,3,2,1,0,30201,30205,,
2770,,2,1,0,0,20100,20100,,
2771,,2,1,0,0,20100,20100,,
2772,,1,2,1,0,10201,10201,,
2773,,3,2,4,0,30204,30205,,
2774,,2,1,0,0,20100,20100,,
2775,,3,3,7,0,30307,30307,,
2776,,2,1,0,0,20100,20100,,
2777,,2,3,0,0,20300,20300,,
2778,,1,2,1,0,10201,30205,,
2779,,3,2,1,0,30201,30205,,
2780,,2,1,0,0,20100,20100,,
2781,,3,3,10,0,30310,30310,,
2782,,2,1,0,0,20100,20100,,
2783,,2,20,0,0,22000,22000,,
2784,,1,2,2,0,10202,10202,,
2785,,2,14,0,0,21400,21400,,
2786,,3,2,4,0,30204,30205,,
2787,,3,3,8,0,30308,30308,,
2788,,1,6,0,0,10600,10600,,
2789,,3,3,8,0,30308,30308,,
2790,,2,1,0,0,20100,20100,,
2791,,2,13,0,0,21300,21300,,
2792,,2,3,0,0,20300,20300,,
2793,,1,6,0,0,10600,10600,,
2794,,1,6,0,0,10600,10600,,
2795,,2,16,0,0,21600,21600,,
2796,,2,1,0,0,20100,20100,,
2797,,2,1,0,0,20100,20300,,
2798,,2,1,0,0,20100,20100,,
2799,,1,6,0,0,10600,10600,,
2800,,3,3,7,0,30307,30307,,
2801,,1,2,1,0,10201,10201,,
2802,,2,1,0,0,20100,20100,,
2803,,2,14,0,0,21400,21400,,
2804,,2,1,0,0,20100,20100,,
2805,,3,3,8,0,30308,30308,,
2806,,1,2,2,0,10202,10202,,
2807,,2,1,0,0,20100,20100,,
2808,,2,1,0,0,20100,20100,,
2809,,3,2,4,0,30204,30205,,
2810,,3,3,7,0,30307,30307,,
2811,,1,3,0,0,10300,10300,,
2812,,2,20,0,0,22000,22000,,
2813,,3,2,4,0,30204,30205,,
2814,,2,1,0,0,20100,20100,,
2815,,3,2,3,0,30203,30203,,
2816,,1,2,1,0,10201,10201,,
2817,,1,7,1,0,10701,10701,,
2818,,2,2,0,0,20200,20200,,
2819,,2,20,0,0,22000,22000,,
2820,,2,13,0,0,21300,21300,,
2821,,2,3,0,0,20300,20300,,
2822,,1,6,0,0,10600,10600,,
2823,,1,2,1,0,10201,10201,,
2824,,3,3,8,0,30308,30308,,
2825,,3,2,4,0,30204,30205,,
2826,,3,3,8,0,30308,30308,,
2827,,2,1,0,0,20100,20100,,
2828,,2,1,0,0,20100,20100,,
2829,,2,3,0,0,20300,20300,,
2830,,1,2,2,0,10202,10202,,
2831,,2,1,0,0,20100,20100,,
2832,,3,3,8,0,30308,30308,,
2833,,2,13,0,0,21300,21300,,
2834,,1,2,1,0,10201,10201,,
2835,,2,13,0,0,21300,21300,,
2836,,2,1,0,0,20100,20100,,
2837,,3,3,7,0,30307,30307,,
2838,,3,3,8,0,30308,30308,,
2839,,1,2,2,0,10202,10202,,
2840,,1,2,1,0,10201,10201,,
2841,,3,3,8,0,30308,30308,,
2842,,1,2,2,0,10202,10202,,
2843,,2,2,0,0,20200,20200,,
2844,,3,2,4,0,30204,30205,,
2845,,2,14,0,0,21400,21400,,
2846,,2,1,0,0,20100,20100,,
2847,,2,16,0,0,21600,21600,,
2848,,2,16,0,0,21600,21600,,
2849,,2,3,0,0,20300,20600,,
2850,,2,20,0,0,22000,22000,,
2851,,3,2,3,0,30203,30203,,
2852,,2,1,0,0,20100,20100,,
2853,,3,3,7,0,30307,30307,,
2854,,1,3,0,0,10300,10300,,
2855,,3,3,8,0,30308,30308,,
2856,,1,3,0,0,10300,10300,,
2857,,2,20,0,0,22000,22000,,
2858,,3,3,8,0,30308,30308,,
2859,,2,1,0,0,20100,20100,,
2860,,2,13,0,0,21300,21300,,
2861,,1,3,0,0,10300,10300,,
2862,,2,7,0,0,20700,20700,,
2863,,3,2,3,0,30203,30203,,
2864,,2,1,0,0,20100,20100,,
2865,,1,2,1,0,10201,10201,,
2866,,2,6,0,0,20600,20600,,
2867,,3,3,7,0,30307,30307,,
2868,,2,1,0,0,20100,20100,,
2869,,2,14,0,0,21400,21400,,
2870,,2,1,0,0,20100,20100,,
2871,,2,7,0,0,20700,20700,,
2872,,2,20,0,0,22000,22000,,
2873,,2,1,0,0,20100,20100,,
2874,,3,3,8,0,30308,30308,,
2875,,3,3,8,0,30308,30308,,
2876,,2,1,0,0,20100,20100,,
2877,,3,2,1,0,30201,30201,,
2878,,2,1,0,0,20100,20100,,
2879,,3,3,8,0,30308,30308,,
2880,,3,3,8,0,30308,30308,,
2881,,2,1,0,0,20100,20100,,
2882,,1,6,0,0,10600,10600,,
2883,,2,7,0,0,20700,20700,,
2884,,2,2,0,0,20200,20200,,
2885,,3,2,3,0,30203,30203,,
2886,,2,16,0,0,21600,21600,,
2887,,3,3,10,0,30310,30310,,
2888,,2,2,0,0,20200,20200,,
2889,,2,1,0,0,20100,20100,,
2890,,1,3,0,0,10300,10300,,
2891,,3,3,7,0,30307,30307,,
2892,,3,3,8,0,30308,30308,,
2893,,2,20,0,0,22000,22000,,
2894,,2,1,0,0,20100,20100,,
2895,,3,3,8,0,30308,30308,,
2896,,2,7,0,0,20700,20700,,
2897,,1,2,1,0,10201,10201,,
2898,,3,3,8,0,30308,30308,,
2899,,1,2,1,0,10201,10201,,
2900,,2,1,0,0,20100,20100,,
2901,,2,16,0,0,21600,21600,,
2902,,1,2,2,0,10202,10202,,
2903,,2,1,0,0,20100,20100,,
2904,,2,1,0,0,20100,20100,,
2905,,3,3,7,0,30307,30307,,
2906,,2,14,0,0,21400,21400,,
2907,,3,3,8,0,30308,30308,,
2908,,3,3,7,0,30307,30307,,
2909,,3,3,8,0,30308,30308,,
2910,,2,3,0,0,20300,20300,,
2911,,2,1,0,0,20100,20100,,
2912,,2,2,0,0,20200,20200,,
2913,,2,1,0,0,20100,20100,,
2914,,1,2,2,0,10202,10202,,
2915,,3,3,8,0,30308,30308,,
2916,,2,1,0,0,20100,20100,,
2917,,1,2,2,0,10202,10202,,
2918,,2,2,0,0,20200,20600,,
2919,,2,3,0,0,20300,20300,,
2920,,2,1,0,0,20100,20100,,
2921,,3,3,8,0,30308,30308,,
2922,,1,2,1,0,10201,10201,,
2923,,3,3,8,0,30308,30308,,
2924,,3,3,6,0,30306,30306,,
2925,,2,1,0,0,20100,20100,,
2926,,3,2,3,0,30203,30203,,
2927,,2,1,0,0,20100,20100,,
2928,,1,2,2,0,10202,10202,,
2929,,2,16,0,0,21600,21600,,
2930,,3,3,7,0,30307,30307,,
2931,,2,14,0,0,21400,21400,,
2932,,3,3,8,0,30308,30308,,
2933,,2,1,0,0,20100,20100,,
2934,,3,2,1,0,30201,30201,,